fid,object_id,park_name,zone_type,area_m2,is_fenced,has_water,quality_score,longitude,latitude,geometry_wkt,web_link
HUNDEZONEOGD.2097966,2097966,Lainzer Tiergarten (MA 49),Hundeverbot,23546962.0,,False,2,16.219884419102865,48.17869029179456,POINT (16.219884419102865 48.17869029179456),
HUNDEZONEOGD.2098125,2098125,Am Steinhof (MA49),Hundeverbot,440056.0,False,False,2,16.276373011365898,48.211428536788475,POINT (16.276373011365898 48.211428536788475),
HUNDEZONEOGD.2097958,2097958,Pötzleinsdorfer Schloßpark,Hundeverbot,348633.0,True,False,3,16.302627157899916,48.24127975300595,POINT (16.302627157899916 48.24127975300595),
HUNDEZONEOGD.2097971,2097971,Erholungsgebiet Laaer Wald (MA 49),Hundeverbot,296013.0,,False,2,16.395613461780336,48.16229277794163,POINT (16.395613461780336 48.16229277794163),
HUNDEZONEOGD.2098152,2098152,Blumengärten Hirschstetten,Hundeverbot,240011.0,True,False,3,16.472936237103188,48.238363447924876,POINT (16.472936237103188 48.238363447924876),
HUNDEZONEOGD.2097787,2097787,PA Löwygrube,Hundeauslaufplatz,221103.0,False,True,3,16.40620481577869,48.1641072431789,POINT (16.40620481577869 48.1641072431789),http://www.wien.gv.at/umwelt/parks/hundezonen.html
HUNDEZONEOGD.2097868,2097868,Prater - Rustenschacher,Hundeauslaufplatz,187005.0,False,True,3,16.41172333538127,48.20438572466873,POINT (16.41172333538127 48.20438572466873),http://www.wien.gv.at/umwelt/parks/hundezonen.html
HUNDEZONEOGD.2098029,2098029,Prater - Jesuitenwiese,Hundeverbot,133578.0,False,False,2,16.404745700316184,48.20541270066449,POINT (16.404745700316184 48.20541270066449),
HUNDEZONEOGD.2097753,2097753,Prater - Pelzmais,Hundeauslaufplatz,125916.0,False,False,2,16.41090645977963,48.208784996268136,POINT (16.41090645977963 48.208784996268136),http://www.wien.gv.at/umwelt/parks/hundezonen.html
HUNDEZONEOGD.2097844,2097844,PA Heuberggstätten,Hundeauslaufplatz,124634.0,False,False,2,16.372431984410294,48.15901103462478,POINT (16.372431984410294 48.15901103462478),http://www.wien.gv.at/umwelt/parks/hundezonen.html
HUNDEZONEOGD.2097998,2097998,Auer-Welsbach-Park,Hundeverbot,87145.0,False,False,2,16.317386575155222,48.187468675799224,POINT (16.317386575155222 48.187468675799224),
HUNDEZONEOGD.2097862,2097862,Tiefauwiese (MA49),Hundeauslaufplatz,79701.0,False,False,2,16.278622504216305,48.24613732340871,POINT (16.278622504216305 48.24613732340871),http://www.wien.gv.at/umwelt/parks/hundezonen.html
HUNDEZONEOGD.2098109,2098109,Hundeverbot Maria-Theresien-Platz (Bundesgärten),Hundeverbot,66112.0,,False,2,16.36074247618282,48.20452706122766,POINT (16.36074247618282 48.20452706122766),
HUNDEZONEOGD.2097945,2097945,Badeteich Süßenbrunn,Hundeauslaufplatz,64273.0,False,True,3,16.485252688199356,48.27674148691576,POINT (16.485252688199356 48.27674148691576),http://www.wien.gv.at/umwelt/parks/hundezonen.html
HUNDEZONEOGD.2097900,2097900,PA Wolfersberg,Hundeauslaufplatz,59546.0,False,True,3,16.245622415122895,48.210782546467314,POINT (16.245622415122895 48.210782546467314),http://www.wien.gv.at/umwelt/parks/hundezonen.html
HUNDEZONEOGD.2098157,2098157,Prater - Arenawiese,Hundeverbot,58544.0,False,False,2,16.408417395589932,48.206877482036056,POINT (16.408417395589932 48.206877482036056),
HUNDEZONEOGD.2098141,2098141,Friedhof St. Marx,Hundeverbot,57078.0,False,False,2,16.40188946345436,48.18261644387586,POINT (16.40188946345436 48.18261644387586),
HUNDEZONEOGD.2098147,2098147,Stadtpark,Hundeverbot,54810.0,,False,2,16.38068201854561,48.20576243540697,POINT (16.38068201854561 48.20576243540697),
HUNDEZONEOGD.2098059,2098059,Liechtensteinpark,Hundeverbot,54225.0,,False,2,16.35887801784797,48.22348563824251,POINT (16.35887801784797 48.22348563824251),
HUNDEZONEOGD.2098151,2098151,Teich Hirschstetten,Hundeverbot,47997.0,,False,2,16.47983774447309,48.246311745584904,POINT (16.47983774447309 48.246311745584904),
HUNDEZONEOGD.2098083,2098083,Kirschblütenpark,Hundeverbot,34045.0,,False,2,16.432487743526305,48.24847173506649,POINT (16.432487743526305 48.24847173506649),
HUNDEZONEOGD.2097982,2097982,Waldmüllerpark,Hundeverbot,33059.0,,False,2,16.36540066530789,48.18058380952404,POINT (16.36540066530789 48.18058380952404),
HUNDEZONEOGD.2098078,2098078,Stadtpark - Kinderpark,Hundeverbot,31300.0,False,False,2,16.38177972926974,48.2049122547903,POINT (16.38177972926974 48.2049122547903),
HUNDEZONEOGD.2098070,2098070,Herderpark,Hundeverbot,30396.0,,False,2,16.410128547461497,48.17217015521867,POINT (16.410128547461497 48.17217015521867),
HUNDEZONEOGD.2098003,2098003,PA Dragonerhäufel,Hundeverbot,28245.0,,False,2,16.405453628504787,48.24750696507761,POINT (16.405453628504787 48.24750696507761),
HUNDEZONEOGD.2098118,2098118,Seepark,Hundeverbot,26990.0,False,False,2,16.50554787767119,48.22691253953395,POINT (16.50554787767119 48.22691253953395),
HUNDEZONEOGD.2098071,2098071,Lagerwiese Rehlacke,Hundeverbot,26194.0,,False,2,16.436865697893737,48.23118505896232,POINT (16.436865697893737 48.23118505896232),
HUNDEZONEOGD.2098155,2098155,Prater - Zirkuswiese,Hundeverbot,26036.0,,False,2,16.400737534217267,48.21179109071167,POINT (16.400737534217267 48.21179109071167),
HUNDEZONEOGD.2098103,2098103,PA Altes AKH,Hundeverbot,26002.0,False,False,2,16.352504349560757,48.21590242893716,POINT (16.352504349560757 48.21590242893716),
HUNDEZONEOGD.2098119,2098119,PA Am Leberberg,Hundeverbot,25885.0,,False,2,16.46148836668644,48.15343223907299,POINT (16.46148836668644 48.15343223907299),
HUNDEZONEOGD.2097861,2097861,Spitalwiese (MA49),Hundeauslaufplatz,25443.0,False,False,2,16.241362661673598,48.227612494314435,POINT (16.241362661673598 48.227612494314435),http://www.wien.gv.at/umwelt/parks/hundezonen.html
HUNDEZONEOGD.2098136,2098136,PA Lorettowiese,Hundeverbot,24342.0,,False,2,16.383752330360164,48.26922519917199,POINT (16.383752330360164 48.26922519917199),
HUNDEZONEOGD.2098053,2098053,PA Roter Berg,Hundeverbot,23755.0,,False,2,16.275649765228213,48.18089251531694,POINT (16.275649765228213 48.18089251531694),
HUNDEZONEOGD.2098126,2098126,Familienbadestrand (MA 45),Hundeverbot,23731.0,False,False,2,16.396882426470036,48.243134901359305,POINT (16.396882426470036 48.243134901359305),
HUNDEZONEOGD.2098044,2098044,Alfred-Böhm-Park,Hundeverbot,23273.0,,False,2,16.38468838151448,48.166867847991554,POINT (16.38468838151448 48.166867847991554),
HUNDEZONEOGD.2097766,2097766,Teich Hirschstetten,Hundeauslaufplatz,23270.0,False,False,2,16.476503040111965,48.24394321987938,POINT (16.476503040111965 48.24394321987938),http://www.wien.gv.at/umwelt/parks/hundezonen.html
HUNDEZONEOGD.2098007,2098007,Matzner-Park,Hundeverbot,21434.0,,False,2,16.302929738761573,48.19557577263356,POINT (16.302929738761573 48.19557577263356),
HUNDEZONEOGD.2098037,2098037,ArbeiterInnenstrand (MA 45),Hundeverbot,19959.0,False,False,2,16.415223510479738,48.243676380768626,POINT (16.415223510479738 48.243676380768626),
HUNDEZONEOGD.2097910,2097910,Hundeauslaufplatz Neue Donau Süd (MA45),Hundeauslaufplatz,19045.0,False,False,2,16.44568529290363,48.2069490395211,POINT (16.44568529290363 48.2069490395211),http://www.wien.gv.at/umwelt/parks/hundezonen.html
HUNDEZONEOGD.2097780,2097780,Hadikpark,Hundeauslaufplatz,18114.0,True,True,4,16.30910923627178,48.18783229889063,POINT (16.30910923627178 48.18783229889063),http://www.wien.gv.at/umwelt/parks/hundezonen.html
HUNDEZONEOGD.2097967,2097967,PA Gitlbauergasse,Hundeverbot,18035.0,,False,2,16.448569040883232,48.27218012428379,POINT (16.448569040883232 48.27218012428379),
HUNDEZONEOGD.2098045,2098045,Allerheiligenpark,Hundeverbot,17281.0,False,False,2,16.38529510408581,48.238007360763845,POINT (16.38529510408581 48.238007360763845),
HUNDEZONEOGD.2097979,2097979,Denglerpark,Hundeverbot,16136.0,,False,2,16.393231615880314,48.27291682198504,POINT (16.393231615880314 48.27291682198504),
HUNDEZONEOGD.2098066,2098066,Eva-und-Otto-Benesch-Park,Hundeverbot,15838.0,False,False,2,16.35230397008822,48.165654275140454,POINT (16.35230397008822 48.165654275140454),
HUNDEZONEOGD.2098133,2098133,Vogelweidpark,Hundeverbot,15386.0,True,False,3,16.33259632597951,48.20359742926073,POINT (16.33259632597951 48.20359742926073),
HUNDEZONEOGD.2097970,2097970,Hedwig-und-Johann-Schneider-Park,Hundeverbot,15153.0,,False,2,16.448938708920426,48.2700423838517,POINT (16.448938708920426 48.2700423838517),
HUNDEZONEOGD.2098123,2098123,Christine-Nöstlinger-Park,Hundeverbot,14787.0,False,False,2,16.32404124715314,48.22515956254714,POINT (16.32404124715314 48.22515956254714),
HUNDEZONEOGD.2098043,2098043,Hofgartel,Hundeverbot,14612.0,,False,2,16.462601217392194,48.15678321523716,POINT (16.462601217392194 48.15678321523716),
HUNDEZONEOGD.2097855,2097855,Ferdinand-Kaufmann-Platz,Hundezone,14489.0,True,True,4,16.399595451504606,48.248984713763804,POINT (16.399595451504606 48.248984713763804),http://www.wien.gv.at/umwelt/parks/hundezonen.html
HUNDEZONEOGD.2097988,2097988,Alois-Drasche-Park,Hundeverbot,13962.0,,False,2,16.367850058254152,48.18640223804841,POINT (16.367850058254152 48.18640223804841),
HUNDEZONEOGD.2097877,2097877,Hundeauslaufplatz Donauinsel Nord (MA45),Hundeauslaufplatz,13794.0,False,False,2,16.38125693745836,48.25287444650913,POINT (16.38125693745836 48.25287444650913),http://www.wien.gv.at/umwelt/parks/hundezonen.html
HUNDEZONEOGD.2098114,2098114,Anton-Krieger-Gasse (MA49),Hundeverbot,13726.0,,False,2,16.251510480824706,48.14587530406907,POINT (16.251510480824706 48.14587530406907),
HUNDEZONEOGD.2098028,2098028,Napoleonwald,Hundeverbot,13569.0,False,False,2,16.26839242847614,48.16118377292912,POINT (16.26839242847614 48.16118377292912),
HUNDEZONEOGD.2097863,2097863,Himmelstraße (MA49),Hundeauslaufplatz,13070.0,False,False,2,16.31758908856625,48.261270093891795,POINT (16.31758908856625 48.261270093891795),http://www.wien.gv.at/umwelt/parks/hundezonen.html
HUNDEZONEOGD.2098153,2098153,Wilhelmsdorfer Park,Hundeverbot,13050.0,,False,2,16.338947365175994,48.178171172358965,POINT (16.338947365175994 48.178171172358965),
HUNDEZONEOGD.2098146,2098146,Haydnpark,Hundeverbot,12687.0,True,False,3,16.34634369958127,48.181737415419704,POINT (16.34634369958127 48.181737415419704),
HUNDEZONEOGD.2098097,2098097,Schloss Neugebäude - Unterer Garten,Hundeverbot,12505.0,True,False,3,16.442607386010284,48.16122298274046,POINT (16.442607386010284 48.16122298274046),
HUNDEZONEOGD.2098039,2098039,Badeteich Süßenbrunn,Hundeverbot,11878.0,False,False,2,16.48907472261715,48.27659434907395,POINT (16.48907472261715 48.27659434907395),
HUNDEZONEOGD.2098049,2098049,PaN-Park,Hundeverbot,11799.0,,False,2,16.315487401991756,48.14008290284187,POINT (16.315487401991756 48.14008290284187),
HUNDEZONEOGD.2097732,2097732,Elfriede-Stumpf-Park,Hundezone,11532.0,True,True,4,16.279431234040477,48.20618384330426,POINT (16.279431234040477 48.20618384330426),http://www.wien.gv.at/umwelt/parks/hundezonen.html
HUNDEZONEOGD.2098061,2098061,Mortarapark,Hundeverbot,11230.0,,False,2,16.38653670932547,48.23422984738547,POINT (16.38653670932547 48.23422984738547),
HUNDEZONEOGD.2098024,2098024,Floridsdorfer Aupark,Hundeverbot,10838.0,,False,2,16.389012296959134,48.25668996620144,POINT (16.389012296959134 48.25668996620144),
HUNDEZONEOGD.2098137,2098137,Esterházypark,Hundeverbot,10782.0,,False,2,16.352330654328252,48.19747767021606,POINT (16.352330654328252 48.19747767021606),
HUNDEZONEOGD.2098096,2098096,Hundeverbot Pirat Bucht (MA 45),Hundeverbot,10495.0,False,False,2,16.431560248308394,48.21652304922643,POINT (16.431560248308394 48.21652304922643),
HUNDEZONEOGD.2097993,2097993,Fortunapark,Hundeverbot,10487.0,,False,2,16.35873166898186,48.17243445281517,POINT (16.35873166898186 48.17243445281517),
HUNDEZONEOGD.2098092,2098092,Arne-Karlsson-Park,Hundeverbot,10480.0,,False,2,16.353764528827618,48.22121596780625,POINT (16.353764528827618 48.22121596780625),
HUNDEZONEOGD.2097976,2097976,Bruno-Kreisky-Park,Hundeverbot,10468.0,,False,2,16.34384401270833,48.187981370244714,POINT (16.34384401270833 48.187981370244714),
HUNDEZONEOGD.2097985,2097985,Ingeborg-Bachmann-Park,Hundeverbot,10426.0,True,False,3,16.44357984308987,48.2584404510064,POINT (16.44357984308987 48.2584404510064),
HUNDEZONEOGD.2098016,2098016,Adolfstorwiesen (MA 49),Hundeverbot,10420.0,False,False,2,16.252819890955912,48.1882903893887,POINT (16.252819890955912 48.1882903893887),
HUNDEZONEOGD.2097839,2097839,Auer-Welsbach-Park,Hundeauslaufplatz,10187.0,False,True,3,16.316524671963116,48.18814025241307,POINT (16.316524671963116 48.18814025241307),http://www.wien.gv.at/umwelt/parks/hundezonen.html
HUNDEZONEOGD.2098110,2098110,Max-Winter-Park,Hundeverbot,10040.0,True,False,3,16.400145266753185,48.22017047677542,POINT (16.400145266753185 48.22017047677542),
HUNDEZONEOGD.2097980,2097980,Arthaberpark,Hundeverbot,9981.0,False,False,2,16.37134131752745,48.17308602153859,POINT (16.37134131752745 48.17308602153859),
HUNDEZONEOGD.2098062,2098062,Hügelpark,Hundeverbot,9966.0,False,False,2,16.28751253568408,48.18532775331112,POINT (16.28751253568408 48.18532775331112),
HUNDEZONEOGD.2098042,2098042,Reithofferpark,Hundeverbot,9761.0,False,False,2,16.331035740516,48.19829498032849,POINT (16.331035740516 48.19829498032849),
HUNDEZONEOGD.2098057,2098057,PA Alma-Seidler-Weg,Hundeverbot,9604.0,,False,2,16.312835594871245,48.148296269977806,POINT (16.312835594871245 48.148296269977806),
HUNDEZONEOGD.2098000,2098000,Forsthauspark,Hundeverbot,8558.0,,False,2,16.374451552964576,48.244128321714854,POINT (16.374451552964576 48.244128321714854),
HUNDEZONEOGD.2097834,2097834,Erholungsgebiet Wienerberg Ost (MA49),Hundeauslaufplatz,8513.0,True,False,3,16.355505861900543,48.16270354511663,POINT (16.355505861900543 48.16270354511663),http://www.wien.gv.at/umwelt/parks/hundezonen.html
HUNDEZONEOGD.2098033,2098033,Schönbornpark,Hundeverbot,8512.0,True,False,3,16.350564794447685,48.212403105882366,POINT (16.350564794447685 48.212403105882366),
HUNDEZONEOGD.2097898,2097898,PA Roter Berg,Hundeauslaufplatz,8451.0,True,False,3,16.27449610998072,48.18177102367778,POINT (16.27449610998072 48.18177102367778),http://www.wien.gv.at/umwelt/parks/hundezonen.html
HUNDEZONEOGD.2097841,2097841,PA Lichtensterngasse,Hundeauslaufplatz,8448.0,,False,2,16.32753614593489,48.1569132857409,POINT (16.32753614593489 48.1569132857409),http://www.wien.gv.at/umwelt/parks/hundezonen.html
HUNDEZONEOGD.2097965,2097965,PA Mühlschüttelgasse (MA 45),Hundeverbot,8172.0,False,False,2,16.412050556048225,48.248565494966485,POINT (16.412050556048225 48.248565494966485),
HUNDEZONEOGD.2098104,2098104,Alfred-Grünwald-Park,Hundeverbot,8110.0,,False,2,16.36131563171881,48.19887861477475,POINT (16.36131563171881 48.19887861477475),
HUNDEZONEOGD.2098099,2098099,Claudia-Heill-Park,Hundeverbot,7928.0,,False,2,16.43697611227314,48.249366467257694,POINT (16.43697611227314 48.249366467257694),
HUNDEZONEOGD.2098085,2098085,Josef-Strauß-Park,Hundeverbot,7893.0,True,False,3,16.340611347249286,48.20759404807972,POINT (16.340611347249286 48.20759404807972),
HUNDEZONEOGD.2098094,2098094,Hannah-Arendt-Park,Hundeverbot,7788.0,False,False,2,16.50146483553986,48.223576729227965,POINT (16.50146483553986 48.223576729227965),
HUNDEZONEOGD.2098060,2098060,Hundezone,Hundeverbot,7703.0,,False,2,16.42174789884557,48.22274812495246,POINT (16.42174789884557 48.22274812495246),
HUNDEZONEOGD.2098090,2098090,Hundezone,Hundeverbot,7589.0,False,False,2,16.486561432876,48.24264287876564,POINT (16.486561432876 48.24264287876564),
HUNDEZONEOGD.2098138,2098138,Hörndlwald (MA 49),Hundeverbot,7248.0,,False,2,16.27004815994975,48.17292065240743,POINT (16.27004815994975 48.17292065240743),
HUNDEZONEOGD.2098130,2098130,Kardinal-Nagl-Park,Hundeverbot,7141.0,,False,2,16.40144088432661,48.19731601134671,POINT (16.40144088432661 48.19731601134671),
HUNDEZONEOGD.2098047,2098047,Sigmund-Freud-Park,Hundeverbot,7135.0,False,False,2,16.36028871595236,48.21480850519219,POINT (16.36028871595236 48.21480850519219),
HUNDEZONEOGD.2098030,2098030,Strombucht (MA 45),Hundeverbot,6956.0,False,False,2,16.4308541397234,48.22036334672738,POINT (16.4308541397234 48.22036334672738),
HUNDEZONEOGD.2098027,2098027,PA Lorenz-Reiter-Straße,Hundeverbot,6853.0,,False,2,16.41784752921857,48.18091098891449,POINT (16.41784752921857 48.18091098891449),
HUNDEZONEOGD.2098011,2098011,Lorenz-Bayer-Park,Hundeverbot,6810.0,True,False,3,16.325952488920933,48.214894587318646,POINT (16.325952488920933 48.214894587318646),
HUNDEZONEOGD.2097933,2097933,Draschepark,Hundeauslaufplatz,6731.0,True,False,3,16.342067681396905,48.152723446013546,POINT (16.342067681396905 48.152723446013546),http://www.wien.gv.at/umwelt/parks/hundezonen.html
HUNDEZONEOGD.2098106,2098106,Wertheimsteinpark,Hundeverbot,6711.0,True,False,3,16.359786428450565,48.24207267012639,POINT (16.359786428450565 48.24207267012639),
HUNDEZONEOGD.2097849,2097849,PA Gaulgasse,Hundezone,6485.0,True,False,3,16.2911275741489,48.13837373222475,POINT (16.2911275741489 48.13837373222475),http://www.wien.gv.at/umwelt/parks/hundezonen.html
HUNDEZONEOGD.2098149,2098149,Einsiedlerpark,Hundeverbot,6141.0,,False,2,16.34999855783035,48.18592656271798,POINT (16.34999855783035 48.18592656271798),
HUNDEZONEOGD.2098116,2098116,PA Csokorgasse,Hundeverbot,6134.0,,False,2,16.466064444154366,48.15171833871628,POINT (16.466064444154366 48.15171833871628),
HUNDEZONEOGD.2097932,2097932,Draschepark,Hundeauslaufplatz,6092.0,True,False,3,16.345410352830104,48.152114989478406,POINT (16.345410352830104 48.152114989478406),http://www.wien.gv.at/umwelt/parks/hundezonen.html
HUNDEZONEOGD.2097821,2097821,Napoleonwald,Hundeauslaufplatz,6036.0,False,False,2,16.268772025283955,48.160380670797,POINT (16.268772025283955 48.160380670797),http://www.wien.gv.at/umwelt/parks/hundezonen.html
HUNDEZONEOGD.2097805,2097805,Hugo-Wolf-Park,Hundeauslaufplatz,5952.0,False,False,2,16.33331785800342,48.23982017968653,POINT (16.33331785800342 48.23982017968653),http://www.wien.gv.at/umwelt/parks/hundezonen.html
HUNDEZONEOGD.2097896,2097896,Anton-Krieger-Gasse (MA49),Hundeauslaufplatz,5713.0,False,False,2,16.252502250943085,48.1458973693236,POINT (16.252502250943085 48.1458973693236),http://www.wien.gv.at/umwelt/parks/hundezonen.html
HUNDEZONEOGD.2098089,2098089,PA Asperner Wies'n,Hundeverbot,5692.0,,False,2,16.476930613320384,48.21406673598998,POINT (16.476930613320384 48.21406673598998),
HUNDEZONEOGD.2098073,2098073,Martin-Luther-King-Park,Hundeverbot,5590.0,,False,2,16.354396312914645,48.1755940090989,POINT (16.354396312914645 48.1755940090989),
HUNDEZONEOGD.2098107,2098107,Saarpark,Hundeverbot,5520.0,False,False,2,16.3492647009669,48.24542389157354,POINT (16.3492647009669 48.24542389157354),
HUNDEZONEOGD.2097955,2097955,PA Lüssenpromenade,Hundeverbot,5512.0,False,False,2,16.414634316428565,48.29150781884634,POINT (16.414634316428565 48.29150781884634),
HUNDEZONEOGD.2097806,2097806,Matzner-Park,Hundezone,5486.0,True,True,4,16.301977376255543,48.196196547879964,POINT (16.301977376255543 48.196196547879964),http://www.wien.gv.at/umwelt/parks/hundezonen.html
HUNDEZONEOGD.2098156,2098156,Karl-Seidl-Park,Hundeverbot,5472.0,False,False,2,16.443605145609837,48.26332388060052,POINT (16.443605145609837 48.26332388060052),
HUNDEZONEOGD.2098077,2098077,Ludwig-Zatzka-Park,Hundeverbot,5422.0,False,False,2,16.30600963098884,48.19807165809531,POINT (16.30600963098884 48.19807165809531),
HUNDEZONEOGD.2098144,2098144,PA Keplerplatz,Hundeverbot,5351.0,,False,2,16.37572703001331,48.1783925472957,POINT (16.37572703001331 48.1783925472957),
HUNDEZONEOGD.2097950,2097950,PA Theophil-Hansen-Gasse,Hundezone,5343.0,True,True,4,16.278204695522057,48.139631217649466,POINT (16.278204695522057 48.139631217649466),http://www.wien.gv.at/umwelt/parks/hundezonen.html
HUNDEZONEOGD.2098036,2098036,Hamerlingpark,Hundeverbot,5285.0,True,False,3,16.34547684770318,48.21107475690725,POINT (16.34547684770318 48.21107475690725),
HUNDEZONEOGD.2097813,2097813,Waldmüllerpark,Hundezone,5197.0,True,True,4,16.367007636552806,48.18114211630354,POINT (16.367007636552806 48.18114211630354),http://www.wien.gv.at/umwelt/parks/hundezonen.html
HUNDEZONEOGD.2098108,2098108,Puchsbaumpark,Hundeverbot,5070.0,,False,2,16.386154301009498,48.172410332351184,POINT (16.386154301009498 48.172410332351184),
HUNDEZONEOGD.2098095,2098095,Jutta-Steier-Park,Hundeverbot,5066.0,False,False,2,16.304649312385383,48.19996906308901,POINT (16.304649312385383 48.19996906308901),
HUNDEZONEOGD.2098161,2098161,Laubepark,Hundeverbot,5023.0,False,False,2,16.368413379721375,48.17492383183371,POINT (16.368413379721375 48.17492383183371),
HUNDEZONEOGD.2097878,2097878,PA Wilhelm-Erben-Gasse,Hundeauslaufplatz,4907.0,False,False,2,16.32925226553424,48.15587035010461,POINT (16.32925226553424 48.15587035010461),http://www.wien.gv.at/umwelt/parks/hundezonen.html
HUNDEZONEOGD.2098002,2098002,Fuchupark,Hundeverbot,4836.0,True,False,3,16.315006399465165,48.23210003647183,POINT (16.315006399465165 48.23210003647183),
HUNDEZONEOGD.2098025,2098025,Nordmanngasse (MA 49),Hundeverbot,4705.0,False,False,2,16.424504346990382,48.25010816738206,POINT (16.424504346990382 48.25010816738206),
HUNDEZONEOGD.2098006,2098006,Weghuberpark,Hundeverbot,4525.0,,False,2,16.355223557440308,48.206293565557374,POINT (16.355223557440308 48.206293565557374),
HUNDEZONEOGD.2097879,2097879,Mexikopark – Rosenpark,Hundezone,4452.0,True,False,3,16.403802088654533,48.22559513241828,POINT (16.403802088654533 48.22559513241828),http://www.wien.gv.at/umwelt/parks/hundezonen.html
HUNDEZONEOGD.2097733,2097733,Wehlistraße/Ostbahn,Hundeauslaufplatz,4450.0,False,False,2,16.439583904571414,48.20023227496921,POINT (16.439583904571414 48.20023227496921),http://www.wien.gv.at/umwelt/parks/hundezonen.html
HUNDEZONEOGD.2098082,2098082,PA Pilotengasse,Hundeverbot,4443.0,,False,2,16.48403712950276,48.22141405950442,POINT (16.48403712950276 48.22141405950442),
HUNDEZONEOGD.2098105,2098105,Braunhuberpark,Hundeverbot,4437.0,,False,2,16.414540947930696,48.17074601438099,POINT (16.414540947930696 48.17074601438099),
HUNDEZONEOGD.2097794,2097794,Währinger Park,Hundezone,4437.0,True,True,4,16.350300844419273,48.232660574984706,POINT (16.350300844419273 48.232660574984706),http://www.wien.gv.at/umwelt/parks/hundezonen.html
HUNDEZONEOGD.2097799,2097799,Lagerwiese Rehlacke,Hundezone,4424.0,True,True,4,16.438639652458736,48.23210316290434,POINT (16.438639652458736 48.23210316290434),http://www.wien.gv.at/umwelt/parks/hundezonen.html
HUNDEZONEOGD.2097984,2097984,PA Berresgasse EPK4,Hundeverbot,4423.0,False,False,2,16.488281786344057,48.24309483316506,POINT (16.488281786344057 48.24309483316506),
HUNDEZONEOGD.2097994,2097994,Hubert-Marischka-Park,Hundeverbot,4412.0,True,False,3,16.346943073843985,48.19237868948892,POINT (16.346943073843985 48.19237868948892),
HUNDEZONEOGD.2097759,2097759,PA Breitenfurter Straße,Hundeauslaufplatz,4222.0,False,False,2,16.323453417002252,48.17091999420054,POINT (16.323453417002252 48.17091999420054),http://www.wien.gv.at/umwelt/parks/hundezonen.html
HUNDEZONEOGD.2097871,2097871,Luise-Montag-Park,Hundezone,4202.0,True,True,4,16.415560868191978,48.16738407858357,POINT (16.415560868191978 48.16738407858357),http://www.wien.gv.at/umwelt/parks/hundezonen.html
HUNDEZONEOGD.2098001,2098001,PA Leopold-Rister-Gasse,Hundeverbot,4199.0,,False,2,16.355322963738043,48.1812641613832,POINT (16.355322963738043 48.1812641613832),
HUNDEZONEOGD.2098134,2098134,Setagayapark,Hundeverbot,4187.0,True,False,3,16.356576155946883,48.245464136723164,POINT (16.356576155946883 48.245464136723164),
HUNDEZONEOGD.2098031,2098031,Rudolfspark,Hundeverbot,4129.0,True,False,3,16.371485899512944,48.214178213915915,POINT (16.371485899512944 48.214178213915915),
HUNDEZONEOGD.2097825,2097825,Schweizergarten,Hundezone,4097.0,True,True,4,16.3846176283219,48.18486927483497,POINT (16.3846176283219 48.18486927483497),http://www.wien.gv.at/umwelt/parks/hundezonen.html
HUNDEZONEOGD.2097873,2097873,Forsthauspark/Hundeauslauf/Kornhäuselgasse,Hundeauslaufplatz,4064.0,False,False,2,16.37354961202948,48.24394192878394,POINT (16.37354961202948 48.24394192878394),http://www.wien.gv.at/umwelt/parks/hundezonen.html
HUNDEZONEOGD.2098150,2098150,PA Wielandplatz,Hundeverbot,4044.0,,False,2,16.37955795543637,48.176532227518166,POINT (16.37955795543637 48.176532227518166),
HUNDEZONEOGD.2098093,2098093,Lichtentalerpark,Hundeverbot,4020.0,,False,2,16.358253985955326,48.226804662946684,POINT (16.358253985955326 48.226804662946684),
HUNDEZONEOGD.2098040,2098040,Josef-Kaderka-Park,Hundeverbot,3919.0,,False,2,16.30362728745402,48.22918472312774,POINT (16.30362728745402 48.22918472312774),
HUNDEZONEOGD.2097761,2097761,Michael-Bausback-Park,Hundezone,3898.0,True,True,4,16.309296491413928,48.14834120662937,POINT (16.309296491413928 48.14834120662937),http://www.wien.gv.at/umwelt/parks/hundezonen.html
HUNDEZONEOGD.2097978,2097978,PA Eisteichstraße,Hundeverbot,3855.0,,False,2,16.41523329381535,48.179454196284766,POINT (16.41523329381535 48.179454196284766),
HUNDEZONEOGD.2097990,2097990,Forschneritschpark,Hundeverbot,3843.0,False,False,2,16.319047106947295,48.19666468542066,POINT (16.319047106947295 48.19666468542066),
HUNDEZONEOGD.2098010,2098010,PA Steinhagegasse,Hundeverbot,3841.0,True,False,3,16.340209497439094,48.18551895552616,POINT (16.340209497439094 48.18551895552616),
HUNDEZONEOGD.2098087,2098087,Elfriede-Stumpf-Park,Hundeverbot,3818.0,False,False,2,16.27673239418256,48.20593079712847,POINT (16.27673239418256 48.20593079712847),
HUNDEZONEOGD.2098120,2098120,PA Schöffelplatz,Hundeverbot,3760.0,False,False,2,16.227663780446704,48.21681302564082,POINT (16.227663780446704 48.21681302564082),
HUNDEZONEOGD.2098124,2098124,Richard-Wagner-Park,Hundeverbot,3708.0,False,False,2,16.32744662594912,48.20978120105323,POINT (16.32744662594912 48.20978120105323),
HUNDEZONEOGD.2097957,2097957,Wasserpark,Hundeverbot,3679.0,False,False,2,16.395511825997996,48.249850993504616,POINT (16.395511825997996 48.249850993504616),
HUNDEZONEOGD.2097997,2097997,PA Am Hundsturm,Hundeverbot,3675.0,,False,2,16.347497779257143,48.18724135050086,POINT (16.347497779257143 48.18724135050086),
HUNDEZONEOGD.2098020,2098020,Schmetterlingspark,Hundeverbot,3671.0,True,False,3,16.37783265988358,48.24907749202946,POINT (16.37783265988358 48.24907749202946),
HUNDEZONEOGD.2098140,2098140,Arenbergpark,Hundeverbot,3638.0,False,False,2,16.391572093601773,48.1982947307859,POINT (16.391572093601773 48.1982947307859),
HUNDEZONEOGD.2097796,2097796,Olympiapark,Hundezone,3600.0,True,True,4,16.33914395365927,48.24487328995986,POINT (16.33914395365927 48.24487328995986),http://www.wien.gv.at/umwelt/parks/hundezonen.html
HUNDEZONEOGD.2098122,2098122,Hermann-Gmeiner-Park,Hundeverbot,3597.0,True,False,3,16.3673659690242,48.21441226730446,POINT (16.3673659690242 48.21441226730446),
HUNDEZONEOGD.2097864,2097864,Mühlgrund (MA49),Hundeauslaufplatz,3573.0,False,False,2,16.45084325211497,48.216456428380546,POINT (16.45084325211497 48.216456428380546),http://www.wien.gv.at/umwelt/parks/hundezonen.html
HUNDEZONEOGD.2098056,2098056,PA Kurt-Tichy-Gasse,Hundeverbot,3540.0,,False,2,16.39032686314041,48.142517199540656,POINT (16.39032686314041 48.142517199540656),
HUNDEZONEOGD.2098052,2098052,Waisenhauspark,Hundeverbot,3436.0,False,False,2,16.39886044708806,48.19111009659966,POINT (16.39886044708806 48.19111009659966),
HUNDEZONEOGD.2098014,2098014,Waidhausenpark,Hundeverbot,3417.0,,False,2,16.283048718987857,48.19876393024011,POINT (16.283048718987857 48.19876393024011),
HUNDEZONEOGD.2097848,2097848,Seepark,Hundezone,3390.0,True,False,3,16.510002050889643,48.22581727548759,POINT (16.510002050889643 48.22581727548759),http://www.wien.gv.at/umwelt/parks/hundezonen.html
HUNDEZONEOGD.2097954,2097954,Gerda-Matejka-Felden-Park (privat),Hundeverbot,3388.0,,False,2,16.347327142208464,48.21695829278155,POINT (16.347327142208464 48.21695829278155),
HUNDEZONEOGD.2098142,2098142,Willi-Frank-Park,Hundeverbot,3379.0,,False,2,16.356449938862934,48.19344461177224,POINT (16.356449938862934 48.19344461177224),
HUNDEZONEOGD.2098139,2098139,Bacherpark,Hundeverbot,3354.0,,False,2,16.355513187473093,48.18782729430794,POINT (16.355513187473093 48.18782729430794),
HUNDEZONEOGD.2097836,2097836,Reinholdgasse (MA49),Hundeauslaufplatz,3346.0,True,False,3,16.514339134377177,48.20154654018843,POINT (16.514339134377177 48.20154654018843),http://www.wien.gv.at/umwelt/parks/hundezonen.html
HUNDEZONEOGD.2098075,2098075,PA Friedrich-Engels-Platz,Hundeverbot,3264.0,True,False,3,16.38121759864121,48.24504976861543,POINT (16.38121759864121 48.24504976861543),
HUNDEZONEOGD.2097782,2097782,PA Pölleritzergasse,Hundeauslaufplatz,3264.0,True,False,3,16.28721515947851,48.151816986399275,POINT (16.28721515947851 48.151816986399275),http://www.wien.gv.at/umwelt/parks/hundezonen.html
HUNDEZONEOGD.2098100,2098100,PA Seeschlachtweg,Hundeverbot,3253.0,,False,2,16.42704799302868,48.170376609556165,POINT (16.42704799302868 48.170376609556165),
HUNDEZONEOGD.2098038,2098038,Schütte-Lihotzky-Park,Hundeverbot,3221.0,,False,2,16.361037008628717,48.18989396837148,POINT (16.361037008628717 48.18989396837148),
HUNDEZONEOGD.2097859,2097859,Hundezone Kaisermühlen (MA45),Hundezone,3214.0,True,False,3,16.421373820531908,48.224289245067915,POINT (16.421373820531908 48.224289245067915),http://www.wien.gv.at/umwelt/parks/hundezonen.html
HUNDEZONEOGD.2098072,2098072,Hebbelpark,Hundeverbot,3188.0,False,False,2,16.378004724754092,48.166730238274354,POINT (16.378004724754092 48.166730238274354),
HUNDEZONEOGD.2098026,2098026,Reinlpark,Hundeverbot,3143.0,True,False,3,16.311368379025645,48.19598340436332,POINT (16.311368379025645 48.19598340436332),
HUNDEZONEOGD.2098154,2098154,Klieberpark,Hundeverbot,3142.0,,False,2,16.363015509835215,48.18474220371731,POINT (16.363015509835215 48.18474220371731),
HUNDEZONEOGD.2097983,2097983,Helene-Deutsch-Park,Hundeverbot,3134.0,False,False,2,16.35250780781598,48.229508705008804,POINT (16.35250780781598 48.229508705008804),
HUNDEZONEOGD.2098051,2098051,PA Paltramplatz,Hundeverbot,3096.0,,False,2,16.36855812070277,48.17093654059834,POINT (16.36855812070277 48.17093654059834),
HUNDEZONEOGD.2098069,2098069,PA Bergtaidingweg,Hundeverbot,3080.0,,False,2,16.389587578109534,48.14805725219052,POINT (16.389587578109534 48.14805725219052),
HUNDEZONEOGD.2097833,2097833,Kellerberg (MA49),Hundeauslaufplatz,3057.0,True,False,3,16.307742302846187,48.122388437436655,POINT (16.307742302846187 48.122388437436655),http://www.wien.gv.at/umwelt/parks/hundezonen.html
HUNDEZONEOGD.2097745,2097745,PA Pretschgasse,Hundeauslaufplatz,3046.0,True,True,4,16.42506139954344,48.15678464246235,POINT (16.42506139954344 48.15678464246235),http://www.wien.gv.at/umwelt/parks/hundezonen.html
HUNDEZONEOGD.2097895,2097895,Draschegründe (MA49),Hundeauslaufplatz,3032.0,True,False,3,16.346346113236244,48.14100738059476,POINT (16.346346113236244 48.14100738059476),http://www.wien.gv.at/umwelt/parks/hundezonen.html
HUNDEZONEOGD.2097843,2097843,GA Obere Donaustraße,Hundeauslaufplatz,3031.0,False,False,2,16.374749586432863,48.21551275813963,POINT (16.374749586432863 48.21551275813963),http://www.wien.gv.at/umwelt/parks/hundezonen.html
HUNDEZONEOGD.2098055,2098055,Ordeltpark,Hundeverbot,3014.0,,False,2,16.307111128218168,48.20114056317445,POINT (16.307111128218168 48.20114056317445),
HUNDEZONEOGD.2098121,2098121,Viktor-Frankl-Park,Hundeverbot,3000.0,False,False,2,16.348877931715695,48.21675088466636,POINT (16.348877931715695 48.21675088466636),
HUNDEZONEOGD.2097728,2097728,PA Mittelzone,Hundezone,2969.0,True,True,3,16.348662262469514,48.18080450835556,POINT (16.348662262469514 48.18080450835556),http://www.wien.gv.at/umwelt/parks/hundezonen.html
HUNDEZONEOGD.2097962,2097962,PA Illgasse,Hundeverbot,2919.0,,False,1,16.450764326935932,48.286781671603855,POINT (16.450764326935932 48.286781671603855),
HUNDEZONEOGD.2097986,2097986,PA Hallergasse,Hundeverbot,2872.0,,False,1,16.4179333750867,48.182728861839934,POINT (16.4179333750867 48.182728861839934),
HUNDEZONEOGD.2097992,2097992,Minna-Lachs-Park,Hundeverbot,2856.0,,False,1,16.34223817392768,48.193842339818886,POINT (16.34223817392768 48.193842339818886),
HUNDEZONEOGD.2097854,2097854,Alfred-Böhm-Park,Hundezone,2844.0,True,True,3,16.383987471123238,48.16777073042216,POINT (16.383987471123238 48.16777073042216),http://www.wien.gv.at/umwelt/parks/hundezonen.html
HUNDEZONEOGD.2097921,2097921,GA Linke Bahngasse,Hundeauslaufplatz,2807.0,True,False,2,16.38487093971437,48.20053053701159,POINT (16.38487093971437 48.20053053701159),http://www.wien.gv.at/umwelt/parks/hundezonen.html
HUNDEZONEOGD.2097963,2097963,Czapkapark,Hundeverbot,2792.0,True,False,2,16.391141497289137,48.204843293780556,POINT (16.391141497289137 48.204843293780556),
HUNDEZONEOGD.2097931,2097931,PA Forstnergasse,Hundezone,2778.0,True,True,3,16.454750002841884,48.24738838906003,POINT (16.454750002841884 48.24738838906003),http://www.wien.gv.at/umwelt/parks/hundezonen.html
HUNDEZONEOGD.2097788,2097788,Denglerpark,Hundezone,2742.0,True,True,3,16.394223436234494,48.27331322930177,POINT (16.394223436234494 48.27331322930177),http://www.wien.gv.at/umwelt/parks/hundezonen.html
HUNDEZONEOGD.2098076,2098076,Ernst-Arnold-Park,Hundeverbot,2740.0,,False,1,16.354637713070627,48.19382375722537,POINT (16.354637713070627 48.19382375722537),
HUNDEZONEOGD.2098013,2098013,PA Lichtensterngasse,Hundeverbot,2724.0,False,False,1,16.322876251189562,48.157864701679465,POINT (16.322876251189562 48.157864701679465),
HUNDEZONEOGD.2097826,2097826,Ferdinand-Wolf-Park,Hundezone,2702.0,True,True,3,16.24956202102239,48.20215579760758,POINT (16.24956202102239 48.20215579760758),http://www.wien.gv.at/umwelt/parks/hundezonen.html
HUNDEZONEOGD.2097996,2097996,Erwin-Ringel-Park,Hundeverbot,2677.0,False,False,1,16.364790471711835,48.21739209564955,POINT (16.364790471711835 48.21739209564955),
HUNDEZONEOGD.2098041,2098041,Humboldtpark,Hundeverbot,2638.0,,False,1,16.378262432223035,48.17927758711076,POINT (16.378262432223035 48.17927758711076),
HUNDEZONEOGD.2098164,2098164,Odeonpark,Hundeverbot,2521.0,False,False,1,16.38485133086289,48.21768684036414,POINT (16.38485133086289 48.21768684036414),
HUNDEZONEOGD.2097789,2097789,Floridsdorfer Aupark,Hundezone,2469.0,True,False,2,16.388555956069208,48.25738578401967,POINT (16.388555956069208 48.25738578401967),http://www.wien.gv.at/umwelt/parks/hundezonen.html
HUNDEZONEOGD.2098019,2098019,Regine-Landeis-Park,Hundeverbot,2436.0,,False,1,16.319071289442565,48.19393931090595,POINT (16.319071289442565 48.19393931090595),
HUNDEZONEOGD.2097888,2097888,Herbert-Mayr-Park (MA45),Hundezone,2427.0,True,False,2,16.276479418866643,48.13682624521602,POINT (16.276479418866643 48.13682624521602),http://www.wien.gv.at/umwelt/parks/hundezonen.html
HUNDEZONEOGD.2097856,2097856,PA Lorettowiese,Hundezone,2420.0,True,True,3,16.38273985557453,48.268518990913094,POINT (16.38273985557453 48.268518990913094),http://www.wien.gv.at/umwelt/parks/hundezonen.html
HUNDEZONEOGD.2097765,2097765,Otto-Affenzeller-Park,Hundezone,2401.0,True,True,3,16.44977660567267,48.231779295518514,POINT (16.44977660567267 48.231779295518514),http://www.wien.gv.at/umwelt/parks/hundezonen.html
HUNDEZONEOGD.2097959,2097959,PA Illnerstraße,Hundeverbot,2345.0,False,False,1,16.518763514020833,48.21540764367836,POINT (16.518763514020833 48.21540764367836),
HUNDEZONEOGD.2098111,2098111,PA Cossmanngasse,Hundeverbot,2283.0,False,False,1,16.26745524752137,48.19640503097012,POINT (16.26745524752137 48.19640503097012),
HUNDEZONEOGD.2097956,2097956,PA Don-Bosco-Wiese,Hundeverbot,2279.0,True,False,2,16.282722518205382,48.18559322018305,POINT (16.282722518205382 48.18559322018305),
HUNDEZONEOGD.2098117,2098117,Ernst-Lichtblau-Park,Hundeverbot,2193.0,,False,1,16.350853598848484,48.1829170220262,POINT (16.350853598848484 48.1829170220262),
HUNDEZONEOGD.2097853,2097853,Allerheiligenpark,Hundezone,2131.0,True,True,3,16.384288530149224,48.238938042328044,POINT (16.384288530149224 48.238938042328044),http://www.wien.gv.at/umwelt/parks/hundezonen.html
HUNDEZONEOGD.2098009,2098009,PA Holzknechtstraße,Hundeverbot,2127.0,,False,1,16.39425697746847,48.154509423956235,POINT (16.39425697746847 48.154509423956235),
HUNDEZONEOGD.2097784,2097784,PA Cossmanngasse,Hundezone,2084.0,True,False,2,16.267898812536494,48.196199315730034,POINT (16.267898812536494 48.196199315730034),http://www.wien.gv.at/umwelt/parks/hundezonen.html
HUNDEZONEOGD.2097872,2097872,Herderpark,Hundezone,2077.0,True,False,2,16.409079459510274,48.171304042829185,POINT (16.409079459510274 48.171304042829185),http://www.wien.gv.at/umwelt/parks/hundezonen.html
HUNDEZONEOGD.2097781,2097781,Unter-Meidlinger Straße/12. Bezirk,Hundeauslaufplatz,2058.0,False,False,1,16.339528626940897,48.172488008853655,POINT (16.339528626940897 48.172488008853655),http://www.wien.gv.at/umwelt/parks/hundezonen.html
HUNDEZONEOGD.2098091,2098091,PA Vierthalergasse,Hundeverbot,2046.0,True,False,2,16.335259616275216,48.17863859705709,POINT (16.335259616275216 48.17863859705709),
HUNDEZONEOGD.2097940,2097940,Vogelweidpark,Hundezone,2021.0,True,True,3,16.332599549313834,48.204028766105246,POINT (16.332599549313834 48.204028766105246),http://www.wien.gv.at/umwelt/parks/hundezonen.html
HUNDEZONEOGD.2097764,2097764,Bil-Spira-Park,Hundezone,2005.0,True,False,2,16.320558040582554,48.17127507520124,POINT (16.320558040582554 48.17127507520124),http://www.wien.gv.at/umwelt/parks/hundezonen.html
HUNDEZONEOGD.2097866,2097866,Augarten Ost (Bundesgärten),Hundezone,2002.0,True,False,2,16.379042062420794,48.22461665664004,POINT (16.379042062420794 48.22461665664004),http://www.wien.gv.at/umwelt/parks/hundezonen.html
HUNDEZONEOGD.2097917,2097917,PA Franz-Josefs-Kai,Hundezone,1999.0,True,True,3,16.373112202895815,48.21525122716687,POINT (16.373112202895815 48.21525122716687),http://www.wien.gv.at/umwelt/parks/hundezonen.html
HUNDEZONEOGD.2097991,2097991,Kinderspielplatz Fasangarten,Hundeverbot,1984.0,,False,1,16.28765381181938,48.17522575104728,POINT (16.28765381181938 48.17522575104728),
HUNDEZONEOGD.2097809,2097809,PA Gitlbauergasse,Hundezone,1983.0,True,True,3,16.44777455347634,48.272405055486615,POINT (16.44777455347634 48.272405055486615),http://www.wien.gv.at/umwelt/parks/hundezonen.html
HUNDEZONEOGD.2097800,2097800,Hofgartel,Hundezone,1981.0,True,True,3,16.462232631673178,48.1567359646685,POINT (16.462232631673178 48.1567359646685),http://www.wien.gv.at/umwelt/parks/hundezonen.html
HUNDEZONEOGD.2097887,2097887,Stadtpark,Hundezone,1961.0,False,False,1,16.380056687100247,48.20393055456501,POINT (16.380056687100247 48.20393055456501),http://www.wien.gv.at/umwelt/parks/hundezonen.html
HUNDEZONEOGD.2098017,2098017,PA Klederinger Straße,Hundeverbot,1948.0,True,False,2,16.42079427262056,48.13205887871393,POINT (16.42079427262056 48.13205887871393),
HUNDEZONEOGD.2097811,2097811,PA Flammweg,Hundezone,1930.0,True,True,3,16.469981865552207,48.154550502366426,POINT (16.469981865552207 48.154550502366426),http://www.wien.gv.at/umwelt/parks/hundezonen.html
HUNDEZONEOGD.2097915,2097915,Stadtpark - Kinderpark,Hundezone,1923.0,False,False,1,16.380367989560305,48.20375490090508,POINT (16.380367989560305 48.20375490090508),http://www.wien.gv.at/umwelt/parks/hundezonen.html
HUNDEZONEOGD.2097749,2097749,Heiligenstädter Park,Hundezone,1886.0,True,False,2,16.359505492000526,48.25250540308278,POINT (16.359505492000526 48.25250540308278),http://www.wien.gv.at/umwelt/parks/hundezonen.html
HUNDEZONEOGD.2097911,2097911,Johann-Benda-Park,Hundezone,1884.0,True,False,2,16.35531837495074,48.15325070033976,POINT (16.35531837495074 48.15325070033976),http://www.wien.gv.at/umwelt/parks/hundezonen.html
HUNDEZONEOGD.2098135,2098135,Friederike-Stoiber-Park,Hundeverbot,1867.0,True,False,2,16.301815334730847,48.169694404849395,POINT (16.301815334730847 48.169694404849395),
HUNDEZONEOGD.2097838,2097838,Dadlerpark,Hundezone,1861.0,True,True,3,16.328452146675026,48.18993041559886,POINT (16.328452146675026 48.18993041559886),http://www.wien.gv.at/umwelt/parks/hundezonen.html
HUNDEZONEOGD.2097893,2097893,Schloss Neugebäude - Unterer Garten,Hundeauslaufplatz,1860.0,True,True,3,16.44394545784926,48.161119742557254,POINT (16.44394545784926 48.161119742557254),http://www.wien.gv.at/umwelt/parks/hundezonen.html
HUNDEZONEOGD.2097808,2097808,PA Blériotgasse,Hundezone,1836.0,True,True,3,16.428883515935535,48.16948140261243,POINT (16.428883515935535 48.16948140261243),http://www.wien.gv.at/umwelt/parks/hundezonen.html
HUNDEZONEOGD.2097798,2097798,Türkenschanzpark,Hundezone,1817.0,True,True,3,16.329944987250254,48.23426269742202,POINT (16.329944987250254 48.23426269742202),http://www.wien.gv.at/umwelt/parks/hundezonen.html
HUNDEZONEOGD.2097828,2097828,Venediger-Au-Park,Hundezone,1809.0,True,True,3,16.39420270802818,48.219376471704535,POINT (16.39420270802818 48.219376471704535),http://www.wien.gv.at/umwelt/parks/hundezonen.html
HUNDEZONEOGD.2097837,2097837,Thonetgasse (MA49),Hundeauslaufplatz,1804.0,True,False,2,16.437402592716527,48.255011031958,POINT (16.437402592716527 48.255011031958),http://www.wien.gv.at/umwelt/parks/hundezonen.html
HUNDEZONEOGD.2097832,2097832,Erholungsgebiet Wienerberg West (MA49),Hundeauslaufplatz,1788.0,True,False,2,16.33822047214054,48.16781699799949,POINT (16.33822047214054 48.16781699799949),http://www.wien.gv.at/umwelt/parks/hundezonen.html
HUNDEZONEOGD.2098034,2098034,Grete-Jost-Park,Hundeverbot,1777.0,False,False,1,16.39235204253044,48.20336771558433,POINT (16.39235204253044 48.20336771558433),
HUNDEZONEOGD.2098160,2098160,Haubenstock-Ramati-Park,Hundeverbot,1770.0,False,False,1,16.38970118000556,48.1996438934285,POINT (16.38970118000556 48.1996438934285),
HUNDEZONEOGD.2098065,2098065,Hundeverbot Schnitterweg (MA45),Hundeverbot,1764.0,True,False,2,16.427615909409415,48.22303526037509,POINT (16.427615909409415 48.22303526037509),
HUNDEZONEOGD.2098088,2098088,Katharina-Schratt-Park,Hundeverbot,1757.0,,False,1,16.296509580704488,48.181379966652095,POINT (16.296509580704488 48.181379966652095),
HUNDEZONEOGD.2098101,2098101,PA Rupertusplatz,Hundeverbot,1750.0,False,False,1,16.298478108351286,48.229467463722976,POINT (16.298478108351286 48.229467463722976),
HUNDEZONEOGD.2098050,2098050,Ignaz-Kuranda-Park,Hundeverbot,1750.0,True,False,2,16.333780865579758,48.18651252819204,POINT (16.333780865579758 48.18651252819204),
HUNDEZONEOGD.2097960,2097960,Große Bucht (MA 45),Hundeverbot,1727.0,False,False,1,16.436177385592458,48.223061353804255,POINT (16.436177385592458 48.223061353804255),
HUNDEZONEOGD.2098064,2098064,PA Siebenbrunnengasse,Hundeverbot,1699.0,True,False,2,16.35771880755766,48.1864461554771,POINT (16.35771880755766 48.1864461554771),
HUNDEZONEOGD.2098086,2098086,Hanna-Gärtner-Park,Hundeverbot,1696.0,,False,1,16.351244756319023,48.181066846114604,POINT (16.351244756319023 48.181066846114604),
HUNDEZONEOGD.2098148,2098148,PA Hettenkofergasse,Hundeverbot,1687.0,True,False,2,16.313180245359483,48.209406195034816,POINT (16.313180245359483 48.209406195034816),
HUNDEZONEOGD.2097783,2097783,Fritzi-Massary-Park,Hundezone,1677.0,True,False,2,16.41677942011826,48.21560658399361,POINT (16.41677942011826 48.21560658399361),http://www.wien.gv.at/umwelt/parks/hundezonen.html
HUNDEZONEOGD.2097757,2097757,Ordeltpark,Hundezone,1664.0,True,True,3,16.307587390014312,48.20114806135722,POINT (16.307587390014312 48.20114806135722),http://www.wien.gv.at/umwelt/parks/hundezonen.html
HUNDEZONEOGD.2098162,2098162,PA Beethovenplatz,Hundeverbot,1650.0,False,False,1,16.376983967200573,48.20188875514372,POINT (16.376983967200573 48.20188875514372),
HUNDEZONEOGD.2097969,2097969,Rubenspark,Hundeverbot,1626.0,True,False,2,16.365167104269045,48.19155272935369,POINT (16.365167104269045 48.19155272935369),
HUNDEZONEOGD.2097951,2097951,Joe-Zawinul-Park,Hundeverbot,1620.0,False,False,1,16.399088835640878,48.19426702153279,POINT (16.399088835640878 48.19426702153279),
HUNDEZONEOGD.2097785,2097785,Fridtjof-Nansen-Park,Hundezone,1619.0,True,False,2,16.282453269855456,48.1458213354311,POINT (16.282453269855456 48.1458213354311),http://www.wien.gv.at/umwelt/parks/hundezonen.html
HUNDEZONEOGD.2098054,2098054,Ernestine-Diwisch-Park,Hundeverbot,1599.0,True,False,2,16.327082246355594,48.18985090283127,POINT (16.327082246355594 48.18985090283127),
HUNDEZONEOGD.2097935,2097935,Kongreßpark,Hundezone,1574.0,True,False,2,16.310187025282612,48.22270383296185,POINT (16.310187025282612 48.22270383296185),http://www.wien.gv.at/umwelt/parks/hundezonen.html
HUNDEZONEOGD.2098022,2098022,Burjanplatz,Hundeverbot,1570.0,,False,1,16.330259215095563,48.202488316622215,POINT (16.330259215095563 48.202488316622215),
HUNDEZONEOGD.2097989,2097989,Tigerpark,Hundeverbot,1562.0,True,False,2,16.34523983161615,48.20881982833419,POINT (16.34523983161615 48.20881982833419),
HUNDEZONEOGD.2097999,2097999,Dechant-Kinzl-Park,Hundeverbot,1512.0,,False,1,16.265988573964428,48.18826201854048,POINT (16.265988573964428 48.18826201854048),
HUNDEZONEOGD.2097827,2097827,Leberweg (MA49),Hundeauslaufplatz,1510.0,True,False,2,16.455689491471826,48.15148953620613,POINT (16.455689491471826 48.15148953620613),http://www.wien.gv.at/umwelt/parks/hundezonen.html
HUNDEZONEOGD.2097953,2097953,Karl-Farkas-Park,Hundeverbot,1501.0,True,False,2,16.346385245610612,48.20464707730143,POINT (16.346385245610612 48.20464707730143),
HUNDEZONEOGD.2097824,2097824,Schweizergarten,Hundezone,1474.0,True,False,2,16.38585153178108,48.18795534422543,POINT (16.38585153178108 48.18795534422543),http://www.wien.gv.at/umwelt/parks/hundezonen.html
HUNDEZONEOGD.2097829,2097829,Wertheimsteinpark,Hundezone,1463.0,False,False,1,16.361008969752817,48.243393285125876,POINT (16.361008969752817 48.243393285125876),http://www.wien.gv.at/umwelt/parks/hundezonen.html
HUNDEZONEOGD.2097936,2097936,Kongreßpark,Hundezone,1436.0,True,False,2,16.311377267483497,48.222623174585046,POINT (16.311377267483497 48.222623174585046),http://www.wien.gv.at/umwelt/parks/hundezonen.html
HUNDEZONEOGD.2097987,2097987,Leon-Askin-Park,Hundeverbot,1433.0,False,False,1,16.332142413968405,48.210562426339955,POINT (16.332142413968405 48.210562426339955),
HUNDEZONEOGD.2098048,2098048,PA Zentaplatz,Hundeverbot,1421.0,True,False,2,16.360042816463224,48.18657479196251,POINT (16.360042816463224 48.18657479196251),
HUNDEZONEOGD.2097937,2097937,Teresa-Tauscher-Park (MA49),Hundezone,1410.0,True,False,2,16.430086796428945,48.26063063721425,POINT (16.430086796428945 48.26063063721425),http://www.wien.gv.at/umwelt/parks/hundezonen.html
HUNDEZONEOGD.2097797,2097797,Türkenschanzpark,Hundezone,1402.0,True,True,3,16.337526042537,48.234452073606306,POINT (16.337526042537 48.234452073606306),http://www.wien.gv.at/umwelt/parks/hundezonen.html
HUNDEZONEOGD.2098005,2098005,Andreaspark,Hundeverbot,1386.0,True,False,2,16.347443991230836,48.198832814264975,POINT (16.347443991230836 48.198832814264975),
HUNDEZONEOGD.2097773,2097773,PA Winckelmannstraße,Hundezone,1375.0,True,True,3,16.32102158294995,48.190440813903415,POINT (16.32102158294995 48.190440813903415),http://www.wien.gv.at/umwelt/parks/hundezonen.html
HUNDEZONEOGD.2097894,2097894,Beethovenpark,Hundeauslaufplatz,1375.0,False,False,1,16.351417616920706,48.25900528423394,POINT (16.351417616920706 48.25900528423394),http://www.wien.gv.at/umwelt/parks/hundezonen.html
HUNDEZONEOGD.2098159,2098159,Rochuspark,Hundeverbot,1357.0,True,False,2,16.393125230728273,48.20204908491047,POINT (16.393125230728273 48.20204908491047),
HUNDEZONEOGD.2098158,2098158,Schmalzhoftempelpark,Hundeverbot,1332.0,True,False,2,16.34824421436825,48.19517338258374,POINT (16.34824421436825 48.19517338258374),
HUNDEZONEOGD.2097890,2097890,PA Siedlung Wienerflur,Hundezone,1329.0,True,False,2,16.312711192095385,48.13107657879341,POINT (16.312711192095385 48.13107657879341),http://www.wien.gv.at/umwelt/parks/hundezonen.html
HUNDEZONEOGD.2097772,2097772,Edelsinnstraße Hundezone,Hundezone,1329.0,True,False,2,16.32788697457501,48.17358161258961,POINT (16.32788697457501 48.17358161258961),http://www.wien.gv.at/umwelt/parks/hundezonen.html
HUNDEZONEOGD.2097941,2097941,Wohnparkstraße Hundezone,Hundezone,1327.0,True,False,2,16.316907332337838,48.15299572398029,POINT (16.316907332337838 48.15299572398029),http://www.wien.gv.at/umwelt/parks/hundezonen.html
HUNDEZONEOGD.2097740,2097740,PA Asperner Wies'n,Hundezone,1315.0,True,False,2,16.476886134521926,48.21326252193812,POINT (16.476886134521926 48.21326252193812),http://www.wien.gv.at/umwelt/parks/hundezonen.html
HUNDEZONEOGD.2098081,2098081,Hugo-Gottschlich-Park,Hundeverbot,1309.0,True,False,2,16.37177139434706,48.23541192910528,POINT (16.37177139434706 48.23541192910528),
HUNDEZONEOGD.2097904,2097904,PA Auer-Welsbach-Straße,Hundezone,1293.0,True,False,2,16.314604434857014,48.155632490810326,POINT (16.314604434857014 48.155632490810326),http://www.wien.gv.at/umwelt/parks/hundezonen.html
HUNDEZONEOGD.2097901,2097901,Schubertpark,Hundezone,1281.0,True,True,3,16.339067789406787,48.22583350615912,POINT (16.339067789406787 48.22583350615912),http://www.wien.gv.at/umwelt/parks/hundezonen.html
HUNDEZONEOGD.2097748,2097748,Vilma-Webenau-Park,Hundezone,1281.0,True,False,2,16.382497223158133,48.27826625630826,POINT (16.382497223158133 48.27826625630826),http://www.wien.gv.at/umwelt/parks/hundezonen.html
HUNDEZONEOGD.2097820,2097820,PA Baumgasse,Hundezone,1273.0,True,False,2,16.40543735660576,48.1912333674004,POINT (16.40543735660576 48.1912333674004),http://www.wien.gv.at/umwelt/parks/hundezonen.html
HUNDEZONEOGD.2098113,2098113,PA Dreihausgasse,Hundeverbot,1231.0,True,False,2,16.32581484627591,48.18708847764614,POINT (16.32581484627591 48.18708847764614),
HUNDEZONEOGD.2097736,2097736,PA Dolfi-Gruber-Weg,Hundezone,1228.0,True,False,2,16.44219912697853,48.24118278650009,POINT (16.44219912697853 48.24118278650009),http://www.wien.gv.at/umwelt/parks/hundezonen.html
HUNDEZONEOGD.2097924,2097924,Wolkersbergenstraße Hundezone,Hundezone,1223.0,True,False,2,16.276616936478682,48.17227854447372,POINT (16.276616936478682 48.17227854447372),http://www.wien.gv.at/umwelt/parks/hundezonen.html
HUNDEZONEOGD.2097790,2097790,Christine-Nöstlinger-Park,Hundezone,1202.0,True,True,3,16.324650118050748,48.22516885736882,POINT (16.324650118050748 48.22516885736882),http://www.wien.gv.at/umwelt/parks/hundezonen.html
HUNDEZONEOGD.2097810,2097810,PA Illgasse,Hundezone,1193.0,True,False,2,16.450022680098115,48.28714492025385,POINT (16.450022680098115 48.28714492025385),http://www.wien.gv.at/umwelt/parks/hundezonen.html
HUNDEZONEOGD.2098115,2098115,Park der Freiheit,Hundeverbot,1189.0,False,False,1,16.31460043734607,48.22350218167498,POINT (16.31460043734607 48.22350218167498),
HUNDEZONEOGD.2097981,2097981,Kurpark Oberlaa,Hundeverbot,1179.0,True,False,2,16.405487857784436,48.145539068612266,POINT (16.405487857784436 48.145539068612266),
HUNDEZONEOGD.2097793,2097793,PA Riegermühle,Hundezone,1178.0,True,False,2,16.298467559661123,48.14760655468004,POINT (16.298467559661123 48.14760655468004),http://www.wien.gv.at/umwelt/parks/hundezonen.html
HUNDEZONEOGD.2097795,2097795,Saarpark,Hundezone,1138.0,True,False,2,16.348373608354677,48.24528339891511,POINT (16.348373608354677 48.24528339891511),http://www.wien.gv.at/umwelt/parks/hundezonen.html
HUNDEZONEOGD.2097922,2097922,Arenbergpark,Hundezone,1125.0,True,False,2,16.39057319043707,48.19853310171937,POINT (16.39057319043707 48.19853310171937),http://www.wien.gv.at/umwelt/parks/hundezonen.html
HUNDEZONEOGD.2098008,2098008,PA Sommerergasse,Hundeverbot,1091.0,True,False,2,16.269768964995674,48.189079457220664,POINT (16.269768964995674 48.189079457220664),
HUNDEZONEOGD.2097746,2097746,Anton-Schmid-Promenade/AP,Hundezone,1088.0,True,False,2,16.372883845079873,48.251181628703385,POINT (16.372883845079873 48.251181628703385),http://www.wien.gv.at/umwelt/parks/hundezonen.html
HUNDEZONEOGD.2098112,2098112,PA Kriemhildplatz,Hundeverbot,1085.0,,False,1,16.328902889286784,48.20244386135029,POINT (16.328902889286784 48.20244386135029),
HUNDEZONEOGD.2097777,2097777,Schönbornpark,Hundezone,1084.0,True,True,3,16.35114659751942,48.2123541658466,POINT (16.35114659751942 48.2123541658466),http://www.wien.gv.at/umwelt/parks/hundezonen.html
HUNDEZONEOGD.2097867,2097867,Augarten West (Bundesgärten),Hundezone,1064.0,True,False,2,16.371009449229504,48.22644290118496,POINT (16.371009449229504 48.22644290118496),http://www.wien.gv.at/umwelt/parks/hundezonen.html
HUNDEZONEOGD.2098004,2098004,Friedrich-Gulda-Park,Hundeverbot,1058.0,False,False,1,16.388968406439727,48.2024954556179,POINT (16.388968406439727 48.2024954556179),
HUNDEZONEOGD.2097729,2097729,Anton-Schmid-Promenade/WP,Hundezone,1058.0,True,False,2,16.362475929346303,48.232340315881856,POINT (16.362475929346303 48.232340315881856),http://www.wien.gv.at/umwelt/parks/hundezonen.html
HUNDEZONEOGD.2098098,2098098,PA Dr.-Josef-Resch-Platz,Hundeverbot,1040.0,True,False,2,16.314388611313465,48.22503595908191,POINT (16.314388611313465 48.22503595908191),
HUNDEZONEOGD.2097914,2097914,PA Ruthnergasse,Hundezone,1038.0,True,False,2,16.42388265957399,48.27776507709944,POINT (16.42388265957399 48.27776507709944),http://www.wien.gv.at/umwelt/parks/hundezonen.html
HUNDEZONEOGD.2097886,2097886,Madame-d'Ora-Park,Hundezone,1013.0,True,True,3,16.498983850923064,48.2225969122317,POINT (16.498983850923064 48.2225969122317),http://www.wien.gv.at/umwelt/parks/hundezonen.html
HUNDEZONEOGD.2098032,2098032,PA Bertha-Löwi-Weg,Hundeverbot,1012.0,False,False,1,16.35111360521265,48.22523303356275,POINT (16.35111360521265 48.22523303356275),
HUNDEZONEOGD.2097831,2097831,Prater - Laufbergerwiese,Hundezone,1010.0,True,False,2,16.3950003550414,48.21509982803364,POINT (16.3950003550414 48.21509982803364),http://www.wien.gv.at/umwelt/parks/hundezonen.html
HUNDEZONEOGD.2098021,2098021,Wanda-Lanzer-Park,Hundeverbot,1007.0,True,False,2,16.3632965040371,48.18971806854029,POINT (16.3632965040371 48.18971806854029),
HUNDEZONEOGD.2097845,2097845,PA Lautenschlägergasse,Hundezone,997.0,True,True,2,16.425644699398187,48.17669130308507,POINT (16.425644699398187 48.17669130308507),http://www.wien.gv.at/umwelt/parks/hundezonen.html
HUNDEZONEOGD.2097968,2097968,PA Kendlerstraße (MA 51),Hundeverbot,996.0,True,False,1,16.309381020416286,48.203435718270285,POINT (16.309381020416286 48.203435718270285),
HUNDEZONEOGD.2098079,2098079,Karl-Terkal-Park,Hundeverbot,989.0,True,False,1,16.25610300727199,48.20249605816451,POINT (16.25610300727199 48.20249605816451),
HUNDEZONEOGD.2097727,2097727,Franz-Schwarz-Park,Hundezone,989.0,True,True,2,16.339258670106737,48.18877473447244,POINT (16.339258670106737 48.18877473447244),http://www.wien.gv.at/umwelt/parks/hundezonen.html
HUNDEZONEOGD.2097995,2097995,Gerda-Lerner-Park,Hundeverbot,988.0,,False,0,16.318973732927166,48.23719484872123,POINT (16.318973732927166 48.23719484872123),
HUNDEZONEOGD.2097835,2097835,An der Neurisse,Hundezone,956.0,True,False,1,16.492243812789095,48.248689586995965,POINT (16.492243812789095 48.248689586995965),http://www.wien.gv.at/umwelt/parks/hundezonen.html
HUNDEZONEOGD.2097842,2097842,PA Steinweisweg,Hundezone,914.0,True,False,1,16.316686095567878,48.17856655977266,POINT (16.316686095567878 48.17856655977266),http://www.wien.gv.at/umwelt/parks/hundezonen.html
HUNDEZONEOGD.2097830,2097830,Heldenplatz (Bundesgärten),Hundezone,904.0,True,False,1,16.361633646433216,48.20619125744202,POINT (16.361633646433216 48.20619125744202),http://www.wien.gv.at/umwelt/parks/hundezonen.html
HUNDEZONEOGD.2098102,2098102,Herklotzpark,Hundeverbot,879.0,,False,0,16.33274474234714,48.18926733053762,POINT (16.33274474234714 48.18926733053762),
HUNDEZONEOGD.2097750,2097750,GA Alszeile,Hundezone,877.0,True,True,2,16.311645580796448,48.22703735697525,POINT (16.311645580796448 48.22703735697525),http://www.wien.gv.at/umwelt/parks/hundezonen.html
HUNDEZONEOGD.2098127,2098127,Druk-Yul-Park,Hundeverbot,868.0,,False,0,16.273576499186756,48.15618393699275,POINT (16.273576499186756 48.15618393699275),
HUNDEZONEOGD.2097948,2097948,Ernst-Paul-Zimper-Park,Hundezone,847.0,True,False,1,16.45163890711747,48.252843924154256,POINT (16.45163890711747 48.252843924154256),http://www.wien.gv.at/umwelt/parks/hundezonen.html
HUNDEZONEOGD.2097816,2097816,Durchlaufstraße,Hundezone,837.0,False,False,0,16.38182855651531,48.23865178552119,POINT (16.38182855651531 48.23865178552119),http://www.wien.gv.at/umwelt/parks/hundezonen.html
HUNDEZONEOGD.2098143,2098143,PA Kudlichgasse,Hundeverbot,836.0,True,False,1,16.381793344103418,48.17267078940824,POINT (16.381793344103418 48.17267078940824),
HUNDEZONEOGD.2097741,2097741,GA Eipeldauer Straße,Hundezone,833.0,True,False,1,16.443506300999253,48.2543992221851,POINT (16.443506300999253 48.2543992221851),http://www.wien.gv.at/umwelt/parks/hundezonen.html
HUNDEZONEOGD.2097909,2097909,Hayekpark,Hundezone,832.0,True,False,1,16.342434036504454,48.23896232748443,POINT (16.342434036504454 48.23896232748443),http://www.wien.gv.at/umwelt/parks/hundezonen.html
HUNDEZONEOGD.2097929,2097929,Hebbelpark,Hundezone,830.0,True,False,1,16.377341746847012,48.16684003315686,POINT (16.377341746847012 48.16684003315686),http://www.wien.gv.at/umwelt/parks/hundezonen.html
HUNDEZONEOGD.2098129,2098129,An der unteren Alten Donau (MA45),Hundeverbot,828.0,False,False,0,16.433662483161676,48.232262847970446,POINT (16.433662483161676 48.232262847970446),
HUNDEZONEOGD.2097974,2097974,Vinzenz-von-Paul-Park,Hundeverbot,824.0,,False,0,16.343920821425733,48.19377290203406,POINT (16.343920821425733 48.19377290203406),
HUNDEZONEOGD.2097803,2097803,PA Fasangartengasse,Hundezone,817.0,True,False,1,16.303676370538717,48.17000084372994,POINT (16.303676370538717 48.17000084372994),http://www.wien.gv.at/umwelt/parks/hundezonen.html
HUNDEZONEOGD.2097892,2097892,PA Thomagasse,Hundezone,816.0,True,False,1,16.405628856015745,48.274511364565015,POINT (16.405628856015745 48.274511364565015),http://www.wien.gv.at/umwelt/parks/hundezonen.html
HUNDEZONEOGD.2097815,2097815,Durchlaufstraße,Hundezone,799.0,False,False,0,16.382322566810018,48.23997536944468,POINT (16.382322566810018 48.23997536944468),http://www.wien.gv.at/umwelt/parks/hundezonen.html
HUNDEZONEOGD.2097961,2097961,GA Esteplatz,Hundeverbot,788.0,False,False,0,16.38990238859228,48.205139079016,POINT (16.38990238859228 48.205139079016),
HUNDEZONEOGD.2097860,2097860,PA Mühlschüttelgasse (MA 45),Hundezone,788.0,True,False,1,16.41305704112793,48.2483116605527,POINT (16.41305704112793 48.2483116605527),http://www.wien.gv.at/umwelt/parks/hundezonen.html
HUNDEZONEOGD.2097802,2097802,Claudia-Heill-Park,Hundezone,785.0,True,True,2,16.437592159829066,48.24936156993748,POINT (16.437592159829066 48.24936156993748),http://www.wien.gv.at/umwelt/parks/hundezonen.html
HUNDEZONEOGD.2098074,2098074,Huttengasse,Hundeverbot,763.0,,False,0,16.311115608138156,48.212243870433724,POINT (16.311115608138156 48.212243870433724),
HUNDEZONEOGD.2098145,2098145,Copa Beach (MA45),Hundeverbot,760.0,False,False,0,16.410544887831957,48.231240352442015,POINT (16.410544887831957 48.231240352442015),
HUNDEZONEOGD.2097823,2097823,Waisenhauspark,Hundezone,751.0,True,True,2,16.399443171019954,48.19062118301322,POINT (16.399443171019954 48.19062118301322),http://www.wien.gv.at/umwelt/parks/hundezonen.html
HUNDEZONEOGD.2097770,2097770,Neilreichgasse (MA49),Hundeauslaufplatz,750.0,True,False,1,16.360303827665724,48.158864356759246,POINT (16.360303827665724 48.158864356759246),http://www.wien.gv.at/umwelt/parks/hundezonen.html
HUNDEZONEOGD.2097899,2097899,Am Rosenhügel Hundeauslauf,Hundeauslaufplatz,749.0,True,True,2,16.29103764636894,48.161964536507206,POINT (16.29103764636894 48.161964536507206),http://www.wien.gv.at/umwelt/parks/hundezonen.html
HUNDEZONEOGD.2097737,2097737,PA Donaustadtstraße,Hundezone,749.0,True,False,1,16.438154915752676,48.23869846719018,POINT (16.438154915752676 48.23869846719018),http://www.wien.gv.at/umwelt/parks/hundezonen.html
HUNDEZONEOGD.2097731,2097731,Lichtentalerpark,Hundezone,734.0,True,True,2,16.35837175384381,48.22631445734974,POINT (16.35837175384381 48.22631445734974),http://www.wien.gv.at/umwelt/parks/hundezonen.html
HUNDEZONEOGD.2097792,2097792,Martin-Luther-King-Park,Hundezone,726.0,True,True,2,16.35390938702583,48.17486654503099,POINT (16.35390938702583 48.17486654503099),http://www.wien.gv.at/umwelt/parks/hundezonen.html
HUNDEZONEOGD.2097751,2097751,Miep-Gies-Park,Hundezone,710.0,True,False,1,16.32573389532952,48.16314112358889,POINT (16.32573389532952 48.16314112358889),http://www.wien.gv.at/umwelt/parks/hundezonen.html
HUNDEZONEOGD.2097840,2097840,PA Vierthalergasse,Hundezone,710.0,True,True,2,16.334605180410374,48.178859840759884,POINT (16.334605180410374 48.178859840759884),http://www.wien.gv.at/umwelt/parks/hundezonen.html
HUNDEZONEOGD.2097934,2097934,Theresienbadpark,Hundezone,703.0,True,False,1,16.32726760669238,48.18194191332282,POINT (16.32726760669238 48.18194191332282),http://www.wien.gv.at/umwelt/parks/hundezonen.html
HUNDEZONEOGD.2097973,2097973,PA Kranzgasse,Hundeverbot,690.0,True,False,1,16.333214974626234,48.189370855736634,POINT (16.333214974626234 48.189370855736634),
HUNDEZONEOGD.2097884,2097884,Wagramer Straße/Lieblgasse (Wiener Wohnen),Hundezone,687.0,True,False,1,16.451600303574253,48.26040087076648,POINT (16.451600303574253 48.26040087076648),http://www.wien.gv.at/umwelt/parks/hundezonen.html
HUNDEZONEOGD.2097869,2097869,Volkspark Laaerberg,Hundezone,686.0,True,True,2,16.386926709116825,48.15287484355035,POINT (16.386926709116825 48.15287484355035),http://www.wien.gv.at/umwelt/parks/hundezonen.html
HUNDEZONEOGD.2097738,2097738,Hugo-Gottschlich-Park,Hundezone,681.0,True,True,2,16.37100801183462,48.23534081492649,POINT (16.37100801183462 48.23534081492649),http://www.wien.gv.at/umwelt/parks/hundezonen.html
HUNDEZONEOGD.2097942,2097942,Modenapark,Hundezone,679.0,True,False,1,16.382352004830484,48.20040166287161,POINT (16.382352004830484 48.20040166287161),http://www.wien.gv.at/umwelt/parks/hundezonen.html
HUNDEZONEOGD.2097928,2097928,Hernalser Gürtel Hundezone,Hundezone,675.0,True,True,2,16.339838375309448,48.21280183792755,POINT (16.339838375309448 48.21280183792755),http://www.wien.gv.at/umwelt/parks/hundezonen.html
HUNDEZONEOGD.2097927,2097927,Maria-Lassnig-Straße Hundezone,Hundezone,671.0,True,False,1,16.387115883519893,48.179829561377424,POINT (16.387115883519893 48.179829561377424),http://www.wien.gv.at/umwelt/parks/hundezonen.html
HUNDEZONEOGD.2098018,2098018,PA Rosinagasse,Hundeverbot,671.0,,False,0,16.332085234943854,48.19425639776714,POINT (16.332085234943854 48.19425639776714),
HUNDEZONEOGD.2098058,2098058,Hans-Rott-Park,Hundeverbot,667.0,False,False,0,16.326874508865338,48.18883460950846,POINT (16.326874508865338 48.18883460950846),
HUNDEZONEOGD.2097865,2097865,PaN-Park,Hundezone,665.0,True,False,1,16.315949321912733,48.140378671091945,POINT (16.315949321912733 48.140378671091945),http://www.wien.gv.at/umwelt/parks/hundezonen.html
HUNDEZONEOGD.2097850,2097850,Alfred-Grünwald-Park,Hundezone,659.0,True,True,2,16.361626149399275,48.1980948956005,POINT (16.361626149399275 48.1980948956005),http://www.wien.gv.at/umwelt/parks/hundezonen.html
HUNDEZONEOGD.2097752,2097752,PA Harthausergasse,Hundezone,646.0,True,False,1,16.338200488953877,48.18717578519702,POINT (16.338200488953877 48.18717578519702),http://www.wien.gv.at/umwelt/parks/hundezonen.html
HUNDEZONEOGD.2097807,2097807,Reithofferpark,Hundezone,644.0,True,True,2,16.330514869398343,48.198439694988565,POINT (16.330514869398343 48.198439694988565),http://www.wien.gv.at/umwelt/parks/hundezonen.html
HUNDEZONEOGD.2097786,2097786,Erika-Morini-Park,Hundezone,643.0,True,True,2,16.41487678044382,48.2146503508633,POINT (16.41487678044382 48.2146503508633),http://www.wien.gv.at/umwelt/parks/hundezonen.html
HUNDEZONEOGD.2097912,2097912,Antonspark,Hundezone,639.0,True,False,1,16.378056437474118,48.170523309788656,POINT (16.378056437474118 48.170523309788656),http://www.wien.gv.at/umwelt/parks/hundezonen.html
HUNDEZONEOGD.2097883,2097883,Resselpark,Hundezone,635.0,True,True,2,16.37307145948174,48.19960216290949,POINT (16.37307145948174 48.19960216290949),http://www.wien.gv.at/umwelt/parks/hundezonen.html
HUNDEZONEOGD.2098068,2098068,Josef-Pfeifer-Park,Hundeverbot,625.0,False,False,0,16.387450618605026,48.20606972034916,POINT (16.387450618605026 48.20606972034916),
HUNDEZONEOGD.2097880,2097880,GA Obere Donaustraße,Hundezone,623.0,True,False,1,16.374740790333508,48.215670680935105,POINT (16.374740790333508 48.215670680935105),http://www.wien.gv.at/umwelt/parks/hundezonen.html
HUNDEZONEOGD.2097858,2097858,Elinor-Ostrom-Park,Hundezone,622.0,True,False,1,16.510742805446064,48.22869116103867,POINT (16.510742805446064 48.22869116103867),http://www.wien.gv.at/umwelt/parks/hundezonen.html
HUNDEZONEOGD.2097881,2097881,Arne-Karlsson-Park,Hundezone,605.0,True,True,2,16.353910918909012,48.22153758433544,POINT (16.353910918909012 48.22153758433544),http://www.wien.gv.at/umwelt/parks/hundezonen.html
HUNDEZONEOGD.2097730,2097730,Hundezone Himmelbaurgasse,Hundezone,604.0,True,False,1,16.28977564413445,48.17287272943401,POINT (16.28977564413445 48.17287272943401),http://www.wien.gv.at/umwelt/parks/hundezonen.html
HUNDEZONEOGD.2097926,2097926,Lerchenfelder Gürtel Hundezone,Hundezone,598.0,True,True,2,16.337611647613205,48.20674959846906,POINT (16.337611647613205 48.20674959846906),http://www.wien.gv.at/umwelt/parks/hundezonen.html
HUNDEZONEOGD.2097876,2097876,Artillerieplatz Hundezone,Hundezone,597.0,True,False,1,16.47321271647428,48.16450294467111,POINT (16.47321271647428 48.16450294467111),http://www.wien.gv.at/umwelt/parks/hundezonen.html
HUNDEZONEOGD.2097938,2097938,PA Töllergasse,Hundezone,587.0,True,False,1,16.420752523701218,48.25694377696566,POINT (16.420752523701218 48.25694377696566),http://www.wien.gv.at/umwelt/parks/hundezonen.html
HUNDEZONEOGD.2097822,2097822,Kardinal-Nagl-Park,Hundezone,584.0,True,True,2,16.401026667248328,48.19755483379687,POINT (16.401026667248328 48.19755483379687),http://www.wien.gv.at/umwelt/parks/hundezonen.html
HUNDEZONEOGD.2098080,2098080,PA Carminweg,Hundeverbot,584.0,,False,0,16.42167648318757,48.2544600739496,POINT (16.42167648318757 48.2544600739496),
HUNDEZONEOGD.2097930,2097930,Ostbahnbegleitstraße//Hausfeldstraße/Johann-Kutschera-Gasse,Hundezone,578.0,True,True,2,16.493585924008915,48.233687371083,POINT (16.493585924008915 48.233687371083),http://www.wien.gv.at/umwelt/parks/hundezonen.html
HUNDEZONEOGD.2097919,2097919,Hundertwasser-Promenade,Hundezone,577.0,True,False,1,16.396006066226118,48.208481393560504,POINT (16.396006066226118 48.208481393560504),http://www.wien.gv.at/umwelt/parks/hundezonen.html
HUNDEZONEOGD.2097744,2097744,An den alten Schanzen Hundezone,Hundezone,573.0,True,False,1,16.496296451091315,48.22556160793059,POINT (16.496296451091315 48.22556160793059),http://www.wien.gv.at/umwelt/parks/hundezonen.html
HUNDEZONEOGD.2097939,2097939,Freie Mitte,Hundezone,570.0,True,True,2,16.389051405023853,48.23036258164539,POINT (16.389051405023853 48.23036258164539),http://www.wien.gv.at/umwelt/parks/hundezonen.html
HUNDEZONEOGD.2097756,2097756,Puchsbaumpark,Hundezone,559.0,True,False,1,16.385773963386594,48.17258642459379,POINT (16.385773963386594 48.17258642459379),http://www.wien.gv.at/umwelt/parks/hundezonen.html
HUNDEZONEOGD.2097903,2097903,Freie Mitte,Hundezone,553.0,True,True,2,16.390727487815013,48.226914052470825,POINT (16.390727487815013 48.226914052470825),http://www.wien.gv.at/umwelt/parks/hundezonen.html
HUNDEZONEOGD.2097812,2097812,Hyblerpark,Hundezone,545.0,True,True,2,16.413050224277786,48.18148687567204,POINT (16.413050224277786 48.18148687567204),http://www.wien.gv.at/umwelt/parks/hundezonen.html
HUNDEZONEOGD.2097851,2097851,Richard-Wagner-Park,Hundezone,539.0,True,True,2,16.32749550338541,48.21010926740917,POINT (16.32749550338541 48.21010926740917),http://www.wien.gv.at/umwelt/parks/hundezonen.html
HUNDEZONEOGD.2098163,2098163,PA Moshe-Jahoda-Platz,Hundeverbot,533.0,False,False,0,16.335456230714744,48.192167044260486,POINT (16.335456230714744 48.192167044260486),
HUNDEZONEOGD.2097758,2097758,Lorenz-Bayer-Park,Hundezone,532.0,True,False,1,16.32586612453163,48.2144698672107,POINT (16.32586612453163 48.2144698672107),http://www.wien.gv.at/umwelt/parks/hundezonen.html
HUNDEZONEOGD.2098084,2098084,Ernst-Jandl-Park,Hundeverbot,529.0,True,False,1,16.367765671009465,48.19309963095726,POINT (16.367765671009465 48.19309963095726),
HUNDEZONEOGD.2097891,2097891,Helmut-Zilk-Park,Hundezone,517.0,True,True,2,16.386157668492242,48.17824844638234,POINT (16.386157668492242 48.17824844638234),http://www.wien.gv.at/umwelt/parks/hundezonen.html
HUNDEZONEOGD.2098132,2098132,PA Dolfi-Gruber-Weg,Hundeverbot,516.0,,False,0,16.441722051763552,48.24115462731747,POINT (16.441722051763552 48.24115462731747),
HUNDEZONEOGD.2097946,2097946,PA Sechshauser Gürtel,Hundezone,506.0,True,False,1,16.337575267753536,48.189983091040816,POINT (16.337575267753536 48.189983091040816),http://www.wien.gv.at/umwelt/parks/hundezonen.html
HUNDEZONEOGD.2097870,2097870,Arthaberpark,Hundezone,505.0,True,False,1,16.370751510437,48.17272584192381,POINT (16.370751510437 48.17272584192381),http://www.wien.gv.at/umwelt/parks/hundezonen.html
HUNDEZONEOGD.2098015,2098015,Widerhoferplatz,Hundeverbot,505.0,,False,0,16.355510022043177,48.22324441291261,POINT (16.355510022043177 48.22324441291261),
HUNDEZONEOGD.2097918,2097918,Steinbauerpark,Hundezone,504.0,True,True,2,16.33905702427925,48.18137969754169,POINT (16.33905702427925 48.18137969754169),http://www.wien.gv.at/umwelt/parks/hundezonen.html
HUNDEZONEOGD.2097846,2097846,Andreas-Rett-Park,Hundezone,498.0,True,False,1,16.28132247160007,48.16551256801287,POINT (16.28132247160007 48.16551256801287),http://www.wien.gv.at/umwelt/parks/hundezonen.html
HUNDEZONEOGD.2098067,2098067,GA Bennoplatz,Hundeverbot,495.0,True,False,1,16.342194706044864,48.212236132146145,POINT (16.342194706044864 48.212236132146145),
HUNDEZONEOGD.2097947,2097947,PA Berresgasse EPK4,Hundezone,484.0,True,True,2,16.488570568511122,48.243605593554534,POINT (16.488570568511122 48.243605593554534),http://www.wien.gv.at/umwelt/parks/hundezonen.html
HUNDEZONEOGD.2098012,2098012,PA Löwygrube,Hundeverbot,481.0,True,False,1,16.402880334528952,48.163932481938424,POINT (16.402880334528952 48.163932481938424),
HUNDEZONEOGD.2098035,2098035,Antonspark,Hundeverbot,480.0,,False,0,16.37701982544949,48.170969557347874,POINT (16.37701982544949 48.170969557347874),
HUNDEZONEOGD.2097762,2097762,Max-Winter-Park,Hundeauslaufplatz,475.0,True,True,2,16.400567216959654,48.219679457759305,POINT (16.400567216959654 48.219679457759305),http://www.wien.gv.at/umwelt/parks/hundezonen.html
HUNDEZONEOGD.2097817,2097817,Mortarapark,Hundezone,469.0,True,True,2,16.38718645339719,48.23400398298958,POINT (16.38718645339719 48.23400398298958),http://www.wien.gv.at/umwelt/parks/hundezonen.html
HUNDEZONEOGD.2097754,2097754,Altmannsdorfer Straße/23.Bezirk,Hundezone,463.0,True,False,1,16.321244305295085,48.14848927841103,POINT (16.321244305295085 48.14848927841103),http://www.wien.gv.at/umwelt/parks/hundezonen.html
HUNDEZONEOGD.2097779,2097779,Stefan-Weber-Park,Hundezone,462.0,True,True,2,16.34325082085534,48.18685506836742,POINT (16.34325082085534 48.18685506836742),http://www.wien.gv.at/umwelt/parks/hundezonen.html
HUNDEZONEOGD.2097923,2097923,Jheringgasse,Hundezone,458.0,True,True,2,16.321323731587427,48.185905968366356,POINT (16.321323731587427 48.185905968366356),http://www.wien.gv.at/umwelt/parks/hundezonen.html
HUNDEZONEOGD.2097755,2097755,Waidhausenpark,Hundezone,456.0,True,True,2,16.28369791630373,48.19880733094402,POINT (16.28369791630373 48.19880733094402),http://www.wien.gv.at/umwelt/parks/hundezonen.html
HUNDEZONEOGD.2097949,2097949,Karoline-Tintner-Promenade,Hundezone,448.0,True,False,1,16.366592951396655,48.22595953280085,POINT (16.366592951396655 48.22595953280085),http://www.wien.gv.at/umwelt/parks/hundezonen.html
HUNDEZONEOGD.2097857,2097857,Esterházypark,Hundezone,444.0,True,True,2,16.352260025869693,48.19795120552066,POINT (16.352260025869693 48.19795120552066),http://www.wien.gv.at/umwelt/parks/hundezonen.html
HUNDEZONEOGD.2097943,2097943,Votivpark,Hundezone,442.0,True,False,1,16.35827019805204,48.21530143908717,POINT (16.35827019805204 48.21530143908717),http://www.wien.gv.at/umwelt/parks/hundezonen.html
HUNDEZONEOGD.2097735,2097735,PA Endemanngasse,Hundezone,441.0,True,True,2,16.291670468329844,48.15309984167229,POINT (16.291670468329844 48.15309984167229),http://www.wien.gv.at/umwelt/parks/hundezonen.html
HUNDEZONEOGD.2097920,2097920,Hundertwasser-Promenade,Hundeauslaufplatz,437.0,True,False,1,16.396710869778467,48.206233798122625,POINT (16.396710869778467 48.206233798122625),http://www.wien.gv.at/umwelt/parks/hundezonen.html
HUNDEZONEOGD.2097743,2097743,Herderpark,Hundezone,432.0,True,False,1,16.408634441684654,48.17219707266158,POINT (16.408634441684654 48.17219707266158),http://www.wien.gv.at/umwelt/parks/hundezonen.html
HUNDEZONEOGD.2097734,2097734,Braunhuberpark,Hundezone,423.0,True,True,2,16.414093019874606,48.171147930104176,POINT (16.414093019874606 48.171147930104176),http://www.wien.gv.at/umwelt/parks/hundezonen.html
HUNDEZONEOGD.2097852,2097852,Ingeborg-Bachmann-Park,Hundezone,420.0,True,True,2,16.44292009864125,48.25827700638757,POINT (16.44292009864125 48.25827700638757),http://www.wien.gv.at/umwelt/parks/hundezonen.html
HUNDEZONEOGD.2097977,2097977,GA Viktor-Christ-Gasse,Hundeverbot,419.0,True,False,1,16.360004074720084,48.18906279487036,POINT (16.360004074720084 48.18906279487036),
HUNDEZONEOGD.2097905,2097905,Altmannsdorfer Straße/23.Bezirk,Hundezone,413.0,True,False,1,16.322076804704302,48.14564218839823,POINT (16.322076804704302 48.14564218839823),http://www.wien.gv.at/umwelt/parks/hundezonen.html
HUNDEZONEOGD.2097925,2097925,Lerchenfelder Gürtel Hundezone,Hundezone,406.0,True,True,2,16.33815378589207,48.20758000900646,POINT (16.33815378589207 48.20758000900646),http://www.wien.gv.at/umwelt/parks/hundezonen.html
HUNDEZONEOGD.2097791,2097791,Fortunapark,Hundezone,400.0,True,False,1,16.359259880072823,48.17208408932154,POINT (16.359259880072823 48.17208408932154),http://www.wien.gv.at/umwelt/parks/hundezonen.html
HUNDEZONEOGD.2097847,2097847,PA Haugerstraße,Hundezone,399.0,False,False,0,16.41821770090577,48.16886735394647,POINT (16.41821770090577 48.16886735394647),http://www.wien.gv.at/umwelt/parks/hundezonen.html
HUNDEZONEOGD.2097964,2097964,GA Albertplatz,Hundeverbot,392.0,,False,0,16.343671682802835,48.21439668551681,POINT (16.343671682802835 48.21439668551681),
HUNDEZONEOGD.2098046,2098046,Helene-Heppe-Park,Hundeverbot,381.0,,False,0,16.352558775368784,48.19417939967338,POINT (16.352558775368784 48.19417939967338),
HUNDEZONEOGD.2097801,2097801,Schmetterlingspark,Hundezone,372.0,True,False,1,16.378174857119078,48.24870197598809,POINT (16.378174857119078 48.24870197598809),http://www.wien.gv.at/umwelt/parks/hundezonen.html
HUNDEZONEOGD.2097778,2097778,Ernst-Arnold-Park,Hundezone,362.0,,False,0,16.354548146489833,48.194796195553906,POINT (16.354548146489833 48.194796195553906),http://www.wien.gv.at/umwelt/parks/hundezonen.html
HUNDEZONEOGD.2097739,2097739,Gustav-Klimt-Park,Hundezone,362.0,True,False,1,16.285452488264106,48.19496133294673,POINT (16.285452488264106 48.19496133294673),http://www.wien.gv.at/umwelt/parks/hundezonen.html
HUNDEZONEOGD.2097882,2097882,Forschneritschpark,Hundezone,362.0,True,True,2,16.319023478141286,48.19644262446176,POINT (16.319023478141286 48.19644262446176),http://www.wien.gv.at/umwelt/parks/hundezonen.html
HUNDEZONEOGD.2097760,2097760,Ölzeltpark,Hundezone,360.0,True,False,1,16.26843412381344,48.14990395810607,POINT (16.26843412381344 48.14990395810607),http://www.wien.gv.at/umwelt/parks/hundezonen.html
HUNDEZONEOGD.2097775,2097775,PA Leopold-Rister-Gasse,Hundezone,358.0,True,True,2,16.355668919604508,48.18148102958631,POINT (16.355668919604508 48.18148102958631),http://www.wien.gv.at/umwelt/parks/hundezonen.html
HUNDEZONEOGD.2097874,2097874,Hamerlingpark,Hundezone,358.0,True,True,2,16.34478624553081,48.2112194110796,POINT (16.34478624553081 48.2112194110796),http://www.wien.gv.at/umwelt/parks/hundezonen.html
HUNDEZONEOGD.2097975,2097975,Gutenbergpark,Hundeverbot,353.0,,False,0,16.355738292460966,48.20371204114158,POINT (16.355738292460966 48.20371204114158),
HUNDEZONEOGD.2097885,2097885,Millenbergeweg Hundezone,Hundezone,350.0,True,False,1,16.290946392279107,48.14973374390982,POINT (16.290946392279107 48.14973374390982),http://www.wien.gv.at/umwelt/parks/hundezonen.html
HUNDEZONEOGD.2097913,2097913,Rohrauerpark,Hundezone,349.0,True,False,1,16.314338513362003,48.20635007888631,POINT (16.314338513362003 48.20635007888631),http://www.wien.gv.at/umwelt/parks/hundezonen.html
HUNDEZONEOGD.2097767,2097767,Rubenspark,Hundezone,345.0,True,False,1,16.36543780756045,48.19137637864924,POINT (16.36543780756045 48.19137637864924),http://www.wien.gv.at/umwelt/parks/hundezonen.html
HUNDEZONEOGD.2097771,2097771,Antonspark,Hundezone,335.0,True,False,1,16.37752920322684,48.17053860057911,POINT (16.37752920322684 48.17053860057911),http://www.wien.gv.at/umwelt/parks/hundezonen.html
HUNDEZONEOGD.2097818,2097818,PA Friedrich-Engels-Platz,Hundezone,328.0,True,True,2,16.380348017428847,48.24452514122442,POINT (16.380348017428847 48.24452514122442),http://www.wien.gv.at/umwelt/parks/hundezonen.html
HUNDEZONEOGD.2097804,2097804,GA Aspernstraße,Hundezone,327.0,True,True,2,16.48053367387834,48.220276966255476,POINT (16.48053367387834 48.220276966255476),http://www.wien.gv.at/umwelt/parks/hundezonen.html
HUNDEZONEOGD.2097819,2097819,Manes-Sperber-Park,Hundezone,320.0,True,True,2,16.378024589067802,48.213734530665,POINT (16.378024589067802 48.213734530665),http://www.wien.gv.at/umwelt/parks/hundezonen.html
HUNDEZONEOGD.2098131,2098131,Manes-Sperber-Park,Hundeverbot,319.0,False,False,0,16.377931028959768,48.21394119273985,POINT (16.377931028959768 48.21394119273985),
HUNDEZONEOGD.2098063,2098063,PA Canalettogasse,Hundeverbot,310.0,True,False,1,16.337031352254446,48.17788940106525,POINT (16.337031352254446 48.17788940106525),
HUNDEZONEOGD.2097763,2097763,Rudolf-Bednar-Park,Hundezone,296.0,True,True,2,16.397120363782467,48.225402121410305,POINT (16.397120363782467 48.225402121410305),http://www.wien.gv.at/umwelt/parks/hundezonen.html
HUNDEZONEOGD.2097907,2097907,PA Paltramplatz,Hundezone,292.0,True,False,1,16.368783301112327,48.170844554760855,POINT (16.368783301112327 48.170844554760855),http://www.wien.gv.at/umwelt/parks/hundezonen.html
HUNDEZONEOGD.2098128,2098128,GA Schlesingerplatz,Hundeverbot,287.0,False,False,0,16.346781280179655,48.21234219658396,POINT (16.346781280179655 48.21234219658396),
HUNDEZONEOGD.2097902,2097902,PA Wielandplatz,Hundezone,287.0,True,True,2,16.380115003910696,48.17649935757868,POINT (16.380115003910696 48.17649935757868),http://www.wien.gv.at/umwelt/parks/hundezonen.html
HUNDEZONEOGD.2097906,2097906,PA Keplerplatz,Hundezone,283.0,True,False,1,16.37520487939486,48.17894776877633,POINT (16.37520487939486 48.17894776877633),http://www.wien.gv.at/umwelt/parks/hundezonen.html
HUNDEZONEOGD.2097776,2097776,Rudolf-Sallinger-Park,Hundezone,276.0,True,False,1,16.363472114374094,48.18798651954139,POINT (16.363472114374094 48.18798651954139),http://www.wien.gv.at/umwelt/parks/hundezonen.html
HUNDEZONEOGD.2097916,2097916,Stadtpark - Kinderpark,Hundezone,260.0,True,False,1,16.380877444991402,48.202904072107614,POINT (16.380877444991402 48.202904072107614),http://www.wien.gv.at/umwelt/parks/hundezonen.html
HUNDEZONEOGD.2097889,2097889,Franziska-Löw-Park,Hundezone,258.0,True,True,2,16.390605148786925,48.22350313968301,POINT (16.390605148786925 48.22350313968301),http://www.wien.gv.at/umwelt/parks/hundezonen.html
HUNDEZONEOGD.2097972,2097972,PA Lambertgasse,Hundeverbot,258.0,True,False,1,16.319467123552684,48.21292169188194,POINT (16.319467123552684 48.21292169188194),
HUNDEZONEOGD.2097952,2097952,PA Clemens-Hofbauer-Platz,Hundeverbot,256.0,True,False,1,16.321713178483733,48.21844595858705,POINT (16.321713178483733 48.21844595858705),
HUNDEZONEOGD.2097897,2097897,Humboldtpark,Hundezone,251.0,True,False,1,16.378531105003304,48.179506348049536,POINT (16.378531105003304 48.179506348049536),http://www.wien.gv.at/umwelt/parks/hundezonen.html
HUNDEZONEOGD.2097875,2097875,Weghuberpark,Hundezone,239.0,True,True,2,16.3564631387181,48.20566864685318,POINT (16.3564631387181 48.20566864685318),http://www.wien.gv.at/umwelt/parks/hundezonen.html
HUNDEZONEOGD.2097774,2097774,Ernst-Lichtblau-Park,Hundezone,239.0,True,False,1,16.350527511030254,48.18285541452538,POINT (16.350527511030254 48.18285541452538),http://www.wien.gv.at/umwelt/parks/hundezonen.html
HUNDEZONEOGD.2097944,2097944,Bock-Park,Hundezone,227.0,True,False,1,16.403985461003067,48.19596371904882,POINT (16.403985461003067 48.19596371904882),http://www.wien.gv.at/umwelt/parks/hundezonen.html
HUNDEZONEOGD.2098023,2098023,GA Malfattigasse,Hundeverbot,223.0,True,False,1,16.343620679688584,48.178023713489765,POINT (16.343620679688584 48.178023713489765),
HUNDEZONEOGD.2097768,2097768,PA Am Hundsturm,Hundezone,214.0,True,False,1,16.347677286633623,48.187398056231316,POINT (16.347677286633623 48.187398056231316),http://www.wien.gv.at/umwelt/parks/hundezonen.html
HUNDEZONEOGD.2097769,2097769,Einsiedlerpark,Hundezone,207.0,True,True,2,16.350562082002288,48.18623107062169,POINT (16.350562082002288 48.18623107062169),http://www.wien.gv.at/umwelt/parks/hundezonen.html
HUNDEZONEOGD.2097814,2097814,Gumpendorfer Gürtel Hundezone,Hundezone,187.0,True,True,2,16.339470043399402,48.18892932789987,POINT (16.339470043399402 48.18892932789987),http://www.wien.gv.at/umwelt/parks/hundezonen.html
HUNDEZONEOGD.2097747,2097747,GA Liesinger Platz,Hundezone,161.0,True,True,2,16.280422322717417,48.13601009154592,POINT (16.280422322717417 48.13601009154592),http://www.wien.gv.at/umwelt/parks/hundezonen.html
HUNDEZONEOGD.2097742,2097742,Laubepark,Hundezone,98.0,True,True,2,16.368532595284925,48.17455306592105,POINT (16.368532595284925 48.17455306592105),http://www.wien.gv.at/umwelt/parks/hundezonen.html
HUNDEZONEOGD.2097908,2097908,Bacherpark,Hundezone,96.0,True,False,1,16.35578251156647,48.18815214869211,POINT (16.35578251156647 48.18815214869211),http://www.wien.gv.at/umwelt/parks/hundezonen.html
