FID,OBJECTID,SHAPE,PARK,FLAECHE,TYP,TELEFON,EINFRIEDUNG,WEBLINK1,HUNDETRAENKE,SE_ANNO_CAD_DATA
HUNDEZONEOGD.2097727,2097727,POINT (16.339258670106737 48.18877473447244),Franz-Schwarz-Park,ca. 989 m²,Hundezone,,ja,http://www.wien.gv.at/umwelt/parks/hundezonen.html,1,
HUNDEZONEOGD.2097728,2097728,POINT (16.348662262469514 48.18080450835556),PA Mittelzone,ca. 2969 m²,Hundezone,01 4000 8042,ja,http://www.wien.gv.at/umwelt/parks/hundezonen.html,2,
HUNDEZONEOGD.2097729,2097729,POINT (16.362475929346303 48.232340315881856),Anton-Schmid-Promenade/WP,ca. 1058 m²,Hundezone,01 4000 96530,ja,http://www.wien.gv.at/umwelt/parks/hundezonen.html,keine,
HUNDEZONEOGD.2097730,2097730,POINT (16.28977564413445 48.17287272943401),Hundezone Himmelbaurgasse,ca. 604 m²,Hundezone,,ja,http://www.wien.gv.at/umwelt/parks/hundezonen.html,keine,
HUNDEZONEOGD.2097731,2097731,POINT (16.35837175384381 48.22631445734974),Lichtentalerpark,ca. 734 m²,Hundezone,01 4000 8042,ja,http://www.wien.gv.at/umwelt/parks/hundezonen.html,1,
HUNDEZONEOGD.2097732,2097732,POINT (16.279431234040477 48.20618384330426),Elfriede-Stumpf-Park,ca. 11532 m²,Hundezone,01 4000 8042,ja,http://www.wien.gv.at/umwelt/parks/hundezonen.html,1,
HUNDEZONEOGD.2097733,2097733,POINT (16.439583904571414 48.20023227496921),Wehlistraße/Ostbahn,ca. 4450 m²,Hundeauslaufplatz,01 4000 8042,nein,http://www.wien.gv.at/umwelt/parks/hundezonen.html,keine,
HUNDEZONEOGD.2097734,2097734,POINT (16.414093019874606 48.171147930104176),Braunhuberpark,ca. 423 m²,Hundezone,01 4000 8042,ja,http://www.wien.gv.at/umwelt/parks/hundezonen.html,1,
HUNDEZONEOGD.2097735,2097735,POINT (16.291670468329844 48.15309984167229),PA Endemanngasse,ca. 441 m²,Hundezone,01 4000 8042,ja,http://www.wien.gv.at/umwelt/parks/hundezonen.html,1,
HUNDEZONEOGD.2097736,2097736,POINT (16.44219912697853 48.24118278650009),PA Dolfi-Gruber-Weg,ca. 1228 m²,Hundezone,01 4000 8042,ja,http://www.wien.gv.at/umwelt/parks/hundezonen.html,keine,
HUNDEZONEOGD.2097737,2097737,POINT (16.438154915752676 48.23869846719018),PA Donaustadtstraße,ca. 749 m²,Hundezone,01 4000 8042,ja,http://www.wien.gv.at/umwelt/parks/hundezonen.html,keine,
HUNDEZONEOGD.2097738,2097738,POINT (16.37100801183462 48.23534081492649),Hugo-Gottschlich-Park,ca. 681 m²,Hundezone,01 4000 8042,ja,http://www.wien.gv.at/umwelt/parks/hundezonen.html,1,
HUNDEZONEOGD.2097739,2097739,POINT (16.285452488264106 48.19496133294673),Gustav-Klimt-Park,ca. 362 m²,Hundezone,01 4000 8042,ja,http://www.wien.gv.at/umwelt/parks/hundezonen.html,keine,
HUNDEZONEOGD.2097740,2097740,POINT (16.476886134521926 48.21326252193812),PA Asperner Wies'n,ca. 1315 m²,Hundezone,01 4000 8042,ja,http://www.wien.gv.at/umwelt/parks/hundezonen.html,keine,
HUNDEZONEOGD.2097741,2097741,POINT (16.443506300999253 48.2543992221851),GA Eipeldauer Straße,ca. 833 m²,Hundezone,,ja,http://www.wien.gv.at/umwelt/parks/hundezonen.html,keine,
HUNDEZONEOGD.2097742,2097742,POINT (16.368532595284925 48.17455306592105),Laubepark,ca. 98 m²,Hundezone,01 4000 8042,ja,http://www.wien.gv.at/umwelt/parks/hundezonen.html,1,
HUNDEZONEOGD.2097743,2097743,POINT (16.408634441684654 48.17219707266158),Herderpark,ca. 432 m²,Hundezone,01 4000 8042,ja,http://www.wien.gv.at/umwelt/parks/hundezonen.html,keine,
HUNDEZONEOGD.2097744,2097744,POINT (16.496296451091315 48.22556160793059),An den alten Schanzen Hundezone,ca. 573 m²,Hundezone,01 4000 8042,ja,http://www.wien.gv.at/umwelt/parks/hundezonen.html,keine,
HUNDEZONEOGD.2097745,2097745,POINT (16.42506139954344 48.15678464246235),PA Pretschgasse,ca. 3046 m²,Hundeauslaufplatz,01 4000 8042,ja,http://www.wien.gv.at/umwelt/parks/hundezonen.html,1,
HUNDEZONEOGD.2097746,2097746,POINT (16.372883845079873 48.251181628703385),Anton-Schmid-Promenade/AP,ca. 1088 m²,Hundezone,01 4000 96530,ja,http://www.wien.gv.at/umwelt/parks/hundezonen.html,keine,
HUNDEZONEOGD.2097747,2097747,POINT (16.280422322717417 48.13601009154592),GA Liesinger Platz,ca. 161 m²,Hundezone,,ja,http://www.wien.gv.at/umwelt/parks/hundezonen.html,1,
HUNDEZONEOGD.2097748,2097748,POINT (16.382497223158133 48.27826625630826),Vilma-Webenau-Park,ca. 1281 m²,Hundezone,01 4000 8042,ja,http://www.wien.gv.at/umwelt/parks/hundezonen.html,keine,
HUNDEZONEOGD.2097749,2097749,POINT (16.359505492000526 48.25250540308278),Heiligenstädter Park,ca. 1886 m²,Hundezone,01 4000 8042,ja,http://www.wien.gv.at/umwelt/parks/hundezonen.html,keine,
HUNDEZONEOGD.2097750,2097750,POINT (16.311645580796448 48.22703735697525),GA Alszeile,ca. 877 m²,Hundezone,,ja,http://www.wien.gv.at/umwelt/parks/hundezonen.html,1,
HUNDEZONEOGD.2097751,2097751,POINT (16.32573389532952 48.16314112358889),Miep-Gies-Park,ca. 710 m²,Hundezone,01 4000 8042,ja,http://www.wien.gv.at/umwelt/parks/hundezonen.html,keine,
HUNDEZONEOGD.2097752,2097752,POINT (16.338200488953877 48.18717578519702),PA Harthausergasse,ca. 646 m²,Hundezone,01 4000 8042,ja,http://www.wien.gv.at/umwelt/parks/hundezonen.html,keine,
HUNDEZONEOGD.2097753,2097753,POINT (16.41090645977963 48.208784996268136),Prater - Pelzmais,ca. 125916 m²,Hundeauslaufplatz,01 4000 8042,nein,http://www.wien.gv.at/umwelt/parks/hundezonen.html,keine,
HUNDEZONEOGD.2097754,2097754,POINT (16.321244305295085 48.14848927841103),Altmannsdorfer Straße/23.Bezirk,ca. 463 m²,Hundezone,,ja,http://www.wien.gv.at/umwelt/parks/hundezonen.html,keine,
HUNDEZONEOGD.2097755,2097755,POINT (16.28369791630373 48.19880733094402),Waidhausenpark,ca. 456 m²,Hundezone,01 4000 8042,ja,http://www.wien.gv.at/umwelt/parks/hundezonen.html,1,
HUNDEZONEOGD.2097756,2097756,POINT (16.385773963386594 48.17258642459379),Puchsbaumpark,ca. 559 m²,Hundezone,01 4000 8042,ja,http://www.wien.gv.at/umwelt/parks/hundezonen.html,keine,
HUNDEZONEOGD.2097757,2097757,POINT (16.307587390014312 48.20114806135722),Ordeltpark,ca. 1664 m²,Hundezone,01 4000 8042,ja,http://www.wien.gv.at/umwelt/parks/hundezonen.html,1,
HUNDEZONEOGD.2097758,2097758,POINT (16.32586612453163 48.2144698672107),Lorenz-Bayer-Park,ca. 532 m²,Hundezone,01 4000 8042,ja,http://www.wien.gv.at/umwelt/parks/hundezonen.html,keine,
HUNDEZONEOGD.2097759,2097759,POINT (16.323453417002252 48.17091999420054),PA Breitenfurter Straße,ca. 4222 m²,Hundeauslaufplatz,01 4000 8042,nein,http://www.wien.gv.at/umwelt/parks/hundezonen.html,keine,
HUNDEZONEOGD.2097760,2097760,POINT (16.26843412381344 48.14990395810607),Ölzeltpark,ca. 360 m²,Hundezone,01 4000 8042,ja,http://www.wien.gv.at/umwelt/parks/hundezonen.html,keine,
HUNDEZONEOGD.2097761,2097761,POINT (16.309296491413928 48.14834120662937),Michael-Bausback-Park,ca. 3898 m²,Hundezone,01 4000 8042,ja,http://www.wien.gv.at/umwelt/parks/hundezonen.html,1,
HUNDEZONEOGD.2097762,2097762,POINT (16.400567216959654 48.219679457759305),Max-Winter-Park,ca. 475 m²,Hundeauslaufplatz,01 4000 8042,ja,http://www.wien.gv.at/umwelt/parks/hundezonen.html,1,
HUNDEZONEOGD.2097763,2097763,POINT (16.397120363782467 48.225402121410305),Rudolf-Bednar-Park,ca. 296 m²,Hundezone,01 4000 8042,ja,http://www.wien.gv.at/umwelt/parks/hundezonen.html,1,
HUNDEZONEOGD.2097764,2097764,POINT (16.320558040582554 48.17127507520124),Bil-Spira-Park,ca. 2005 m²,Hundezone,01 4000 8042,ja,http://www.wien.gv.at/umwelt/parks/hundezonen.html,keine,
HUNDEZONEOGD.2097765,2097765,POINT (16.44977660567267 48.231779295518514),Otto-Affenzeller-Park,ca. 2401 m²,Hundezone,01 4000 8042,ja,http://www.wien.gv.at/umwelt/parks/hundezonen.html,1,
HUNDEZONEOGD.2097766,2097766,POINT (16.476503040111965 48.24394321987938),Teich Hirschstetten,ca. 23270 m²,Hundeauslaufplatz,01 4000 8042,nein,http://www.wien.gv.at/umwelt/parks/hundezonen.html,keine,
HUNDEZONEOGD.2097767,2097767,POINT (16.36543780756045 48.19137637864924),Rubenspark,ca. 345 m²,Hundezone,01 4000 8042,ja,http://www.wien.gv.at/umwelt/parks/hundezonen.html,keine,
HUNDEZONEOGD.2097768,2097768,POINT (16.347677286633623 48.187398056231316),PA Am Hundsturm,ca. 214 m²,Hundezone,01 4000 8042,ja,http://www.wien.gv.at/umwelt/parks/hundezonen.html,keine,
HUNDEZONEOGD.2097769,2097769,POINT (16.350562082002288 48.18623107062169),Einsiedlerpark,ca. 207 m²,Hundezone,01 4000 8042,ja,http://www.wien.gv.at/umwelt/parks/hundezonen.html,1,
HUNDEZONEOGD.2097770,2097770,POINT (16.360303827665724 48.158864356759246),Neilreichgasse (MA49),ca. 750 m²,Hundeauslaufplatz,01 4000 49000,ja,http://www.wien.gv.at/umwelt/parks/hundezonen.html,keine,
HUNDEZONEOGD.2097771,2097771,POINT (16.37752920322684 48.17053860057911),Antonspark,ca. 335 m²,Hundezone,01 4000 8042,ja,http://www.wien.gv.at/umwelt/parks/hundezonen.html,keine,
HUNDEZONEOGD.2097772,2097772,POINT (16.32788697457501 48.17358161258961),Edelsinnstraße Hundezone,ca. 1329 m²,Hundezone,,ja,http://www.wien.gv.at/umwelt/parks/hundezonen.html,keine,
HUNDEZONEOGD.2097773,2097773,POINT (16.32102158294995 48.190440813903415),PA Winckelmannstraße,ca. 1375 m²,Hundezone,01 4000 8042,ja,http://www.wien.gv.at/umwelt/parks/hundezonen.html,1,
HUNDEZONEOGD.2097774,2097774,POINT (16.350527511030254 48.18285541452538),Ernst-Lichtblau-Park,ca. 239 m²,Hundezone,01 4000 8042,ja,http://www.wien.gv.at/umwelt/parks/hundezonen.html,keine,
HUNDEZONEOGD.2097775,2097775,POINT (16.355668919604508 48.18148102958631),PA Leopold-Rister-Gasse,ca. 358 m²,Hundezone,01 4000 8042,ja,http://www.wien.gv.at/umwelt/parks/hundezonen.html,1,
HUNDEZONEOGD.2097776,2097776,POINT (16.363472114374094 48.18798651954139),Rudolf-Sallinger-Park,ca. 276 m²,Hundezone,01 4000 8042,ja,http://www.wien.gv.at/umwelt/parks/hundezonen.html,keine,
HUNDEZONEOGD.2097777,2097777,POINT (16.35114659751942 48.2123541658466),Schönbornpark,ca. 1084 m²,Hundezone,01 4000 8042,ja,http://www.wien.gv.at/umwelt/parks/hundezonen.html,1,
HUNDEZONEOGD.2097778,2097778,POINT (16.354548146489833 48.194796195553906),Ernst-Arnold-Park,ca. 362 m²,Hundezone,01 4000 8042,teilweise,http://www.wien.gv.at/umwelt/parks/hundezonen.html,keine,
HUNDEZONEOGD.2097779,2097779,POINT (16.34325082085534 48.18685506836742),Stefan-Weber-Park,ca. 462 m²,Hundezone,01 4000 8042,ja,http://www.wien.gv.at/umwelt/parks/hundezonen.html,1,
HUNDEZONEOGD.2097780,2097780,POINT (16.30910923627178 48.18783229889063),Hadikpark,ca. 18114 m²,Hundeauslaufplatz,01 4000 8042,ja,http://www.wien.gv.at/umwelt/parks/hundezonen.html,1,
HUNDEZONEOGD.2097781,2097781,POINT (16.339528626940897 48.172488008853655),Unter-Meidlinger Straße/12. Bezirk,ca. 2058 m²,Hundeauslaufplatz,,nein,http://www.wien.gv.at/umwelt/parks/hundezonen.html,keine,
HUNDEZONEOGD.2097782,2097782,POINT (16.28721515947851 48.151816986399275),PA Pölleritzergasse,ca. 3264 m²,Hundeauslaufplatz,01 4000 8042,ja,http://www.wien.gv.at/umwelt/parks/hundezonen.html,keine,
HUNDEZONEOGD.2097783,2097783,POINT (16.41677942011826 48.21560658399361),Fritzi-Massary-Park,ca. 1677 m²,Hundezone,01 4000 8042,ja,http://www.wien.gv.at/umwelt/parks/hundezonen.html,keine,
HUNDEZONEOGD.2097784,2097784,POINT (16.267898812536494 48.196199315730034),PA Cossmanngasse,ca. 2084 m²,Hundezone,01 4000 8042,ja,http://www.wien.gv.at/umwelt/parks/hundezonen.html,keine,
HUNDEZONEOGD.2097785,2097785,POINT (16.282453269855456 48.1458213354311),Fridtjof-Nansen-Park,ca. 1619 m²,Hundezone,01 4000 8042,ja,http://www.wien.gv.at/umwelt/parks/hundezonen.html,keine,
HUNDEZONEOGD.2097786,2097786,POINT (16.41487678044382 48.2146503508633),Erika-Morini-Park,ca. 643 m²,Hundezone,01 4000 8042,ja,http://www.wien.gv.at/umwelt/parks/hundezonen.html,1,
HUNDEZONEOGD.2097787,2097787,POINT (16.40620481577869 48.1641072431789),PA Löwygrube,ca. 221103 m²,Hundeauslaufplatz,01 4000 8042,nein,http://www.wien.gv.at/umwelt/parks/hundezonen.html,1,
HUNDEZONEOGD.2097788,2097788,POINT (16.394223436234494 48.27331322930177),Denglerpark,ca. 2742 m²,Hundezone,01 4000 8042,ja,http://www.wien.gv.at/umwelt/parks/hundezonen.html,1,
HUNDEZONEOGD.2097789,2097789,POINT (16.388555956069208 48.25738578401967),Floridsdorfer Aupark,ca. 2469 m²,Hundezone,01 4000 8042,ja,http://www.wien.gv.at/umwelt/parks/hundezonen.html,keine,
HUNDEZONEOGD.2097790,2097790,POINT (16.324650118050748 48.22516885736882),Christine-Nöstlinger-Park,ca. 1202 m²,Hundezone,01 4000 8042,ja,http://www.wien.gv.at/umwelt/parks/hundezonen.html,1,
HUNDEZONEOGD.2097791,2097791,POINT (16.359259880072823 48.17208408932154),Fortunapark,ca. 400 m²,Hundezone,01 4000 8042,ja,http://www.wien.gv.at/umwelt/parks/hundezonen.html,keine,
HUNDEZONEOGD.2097792,2097792,POINT (16.35390938702583 48.17486654503099),Martin-Luther-King-Park,ca. 726 m²,Hundezone,01 4000 8042,ja,http://www.wien.gv.at/umwelt/parks/hundezonen.html,1,
HUNDEZONEOGD.2097793,2097793,POINT (16.298467559661123 48.14760655468004),PA Riegermühle,ca. 1178 m²,Hundezone,01 4000 8042,ja,http://www.wien.gv.at/umwelt/parks/hundezonen.html,keine,
HUNDEZONEOGD.2097794,2097794,POINT (16.350300844419273 48.232660574984706),Währinger Park,ca. 4437 m²,Hundezone,01 4000 8042,ja,http://www.wien.gv.at/umwelt/parks/hundezonen.html,1,
HUNDEZONEOGD.2097795,2097795,POINT (16.348373608354677 48.24528339891511),Saarpark,ca. 1138 m²,Hundezone,01 4000 8042,ja,http://www.wien.gv.at/umwelt/parks/hundezonen.html,keine,
HUNDEZONEOGD.2097796,2097796,POINT (16.33914395365927 48.24487328995986),Olympiapark,ca. 3600 m²,Hundezone,01 4000 8042,ja,http://www.wien.gv.at/umwelt/parks/hundezonen.html,1,
HUNDEZONEOGD.2097797,2097797,POINT (16.337526042537 48.234452073606306),Türkenschanzpark,ca. 1402 m²,Hundezone,01 4000 8042,ja,http://www.wien.gv.at/umwelt/parks/hundezonen.html,1,
HUNDEZONEOGD.2097798,2097798,POINT (16.329944987250254 48.23426269742202),Türkenschanzpark,ca. 1817 m²,Hundezone,01 4000 8042,ja,http://www.wien.gv.at/umwelt/parks/hundezonen.html,1,
HUNDEZONEOGD.2097799,2097799,POINT (16.438639652458736 48.23210316290434),Lagerwiese Rehlacke,ca. 4424 m²,Hundezone,01 4000 8042,ja,http://www.wien.gv.at/umwelt/parks/hundezonen.html,1,
HUNDEZONEOGD.2097800,2097800,POINT (16.462232631673178 48.1567359646685),Hofgartel,ca. 1981 m²,Hundezone,01 4000 8042,ja,http://www.wien.gv.at/umwelt/parks/hundezonen.html,1,
HUNDEZONEOGD.2097801,2097801,POINT (16.378174857119078 48.24870197598809),Schmetterlingspark,ca. 372 m²,Hundezone,01 4000 8042,ja,http://www.wien.gv.at/umwelt/parks/hundezonen.html,keine,
HUNDEZONEOGD.2097802,2097802,POINT (16.437592159829066 48.24936156993748),Claudia-Heill-Park,ca. 785 m²,Hundezone,01 4000 8042,ja,http://www.wien.gv.at/umwelt/parks/hundezonen.html,1,
HUNDEZONEOGD.2097803,2097803,POINT (16.303676370538717 48.17000084372994),PA Fasangartengasse,ca. 817 m²,Hundezone,01 4000 8042,ja,http://www.wien.gv.at/umwelt/parks/hundezonen.html,keine,
HUNDEZONEOGD.2097804,2097804,POINT (16.48053367387834 48.220276966255476),GA Aspernstraße,ca. 327 m²,Hundezone,,ja,http://www.wien.gv.at/umwelt/parks/hundezonen.html,1,
HUNDEZONEOGD.2097805,2097805,POINT (16.33331785800342 48.23982017968653),Hugo-Wolf-Park,ca. 5952 m²,Hundeauslaufplatz,01 4000 8042,nein,http://www.wien.gv.at/umwelt/parks/hundezonen.html,keine,
HUNDEZONEOGD.2097806,2097806,POINT (16.301977376255543 48.196196547879964),Matzner-Park,ca. 5486 m²,Hundezone,01 4000 8042,ja,http://www.wien.gv.at/umwelt/parks/hundezonen.html,1,
HUNDEZONEOGD.2097807,2097807,POINT (16.330514869398343 48.198439694988565),Reithofferpark,ca. 644 m²,Hundezone,01 4000 8042,ja,http://www.wien.gv.at/umwelt/parks/hundezonen.html,1,
HUNDEZONEOGD.2097808,2097808,POINT (16.428883515935535 48.16948140261243),PA Blériotgasse,ca. 1836 m²,Hundezone,01 4000 8042,ja,http://www.wien.gv.at/umwelt/parks/hundezonen.html,1,
HUNDEZONEOGD.2097809,2097809,POINT (16.44777455347634 48.272405055486615),PA Gitlbauergasse,ca. 1983 m²,Hundezone,01 4000 8042,ja,http://www.wien.gv.at/umwelt/parks/hundezonen.html,1,
HUNDEZONEOGD.2097810,2097810,POINT (16.450022680098115 48.28714492025385),PA Illgasse,ca. 1193 m²,Hundezone,01 4000 8042,ja,http://www.wien.gv.at/umwelt/parks/hundezonen.html,keine,
HUNDEZONEOGD.2097811,2097811,POINT (16.469981865552207 48.154550502366426),PA Flammweg,ca. 1930 m²,Hundezone,01 4000 8042,ja,http://www.wien.gv.at/umwelt/parks/hundezonen.html,1,
HUNDEZONEOGD.2097812,2097812,POINT (16.413050224277786 48.18148687567204),Hyblerpark,ca. 545 m²,Hundezone,01 4000 8042,ja,http://www.wien.gv.at/umwelt/parks/hundezonen.html,1,
HUNDEZONEOGD.2097813,2097813,POINT (16.367007636552806 48.18114211630354),Waldmüllerpark,ca. 5197 m²,Hundezone,01 4000 8042,ja,http://www.wien.gv.at/umwelt/parks/hundezonen.html,1,
HUNDEZONEOGD.2097814,2097814,POINT (16.339470043399402 48.18892932789987),Gumpendorfer Gürtel Hundezone,ca. 187 m²,Hundezone,,ja,http://www.wien.gv.at/umwelt/parks/hundezonen.html,1,
HUNDEZONEOGD.2097815,2097815,POINT (16.382322566810018 48.23997536944468),Durchlaufstraße,ca. 799 m²,Hundezone,,nein,http://www.wien.gv.at/umwelt/parks/hundezonen.html,keine,
HUNDEZONEOGD.2097816,2097816,POINT (16.38182855651531 48.23865178552119),Durchlaufstraße,ca. 837 m²,Hundezone,,nein,http://www.wien.gv.at/umwelt/parks/hundezonen.html,keine,
HUNDEZONEOGD.2097817,2097817,POINT (16.38718645339719 48.23400398298958),Mortarapark,ca. 469 m²,Hundezone,01 4000 8042,ja,http://www.wien.gv.at/umwelt/parks/hundezonen.html,2,
HUNDEZONEOGD.2097818,2097818,POINT (16.380348017428847 48.24452514122442),PA Friedrich-Engels-Platz,ca. 328 m²,Hundezone,01 4000 8042,ja,http://www.wien.gv.at/umwelt/parks/hundezonen.html,1,
HUNDEZONEOGD.2097819,2097819,POINT (16.378024589067802 48.213734530665),Manes-Sperber-Park,ca. 320 m²,Hundezone,01 4000 8042,ja,http://www.wien.gv.at/umwelt/parks/hundezonen.html,1,
HUNDEZONEOGD.2097820,2097820,POINT (16.40543735660576 48.1912333674004),PA Baumgasse,ca. 1273 m²,Hundezone,01 4000 8042,ja,http://www.wien.gv.at/umwelt/parks/hundezonen.html,keine,
HUNDEZONEOGD.2097821,2097821,POINT (16.268772025283955 48.160380670797),Napoleonwald,ca. 6036 m²,Hundeauslaufplatz,01 4000 8042,nein,http://www.wien.gv.at/umwelt/parks/hundezonen.html,keine,
HUNDEZONEOGD.2097822,2097822,POINT (16.401026667248328 48.19755483379687),Kardinal-Nagl-Park,ca. 584 m²,Hundezone,01 4000 8042,ja,http://www.wien.gv.at/umwelt/parks/hundezonen.html,1,
HUNDEZONEOGD.2097823,2097823,POINT (16.399443171019954 48.19062118301322),Waisenhauspark,ca. 751 m²,Hundezone,01 4000 8042,ja,http://www.wien.gv.at/umwelt/parks/hundezonen.html,1,
HUNDEZONEOGD.2097824,2097824,POINT (16.38585153178108 48.18795534422543),Schweizergarten,ca. 1474 m²,Hundezone,01 4000 8042,ja,http://www.wien.gv.at/umwelt/parks/hundezonen.html,keine,
HUNDEZONEOGD.2097825,2097825,POINT (16.3846176283219 48.18486927483497),Schweizergarten,ca. 4097 m²,Hundezone,01 4000 8042,ja,http://www.wien.gv.at/umwelt/parks/hundezonen.html,1,
HUNDEZONEOGD.2097826,2097826,POINT (16.24956202102239 48.20215579760758),Ferdinand-Wolf-Park,ca. 2702 m²,Hundezone,01 4000 8042,ja,http://www.wien.gv.at/umwelt/parks/hundezonen.html,1,
HUNDEZONEOGD.2097827,2097827,POINT (16.455689491471826 48.15148953620613),Leberweg (MA49),ca. 1510 m²,Hundeauslaufplatz,01 4000 49000,ja,http://www.wien.gv.at/umwelt/parks/hundezonen.html,keine,
HUNDEZONEOGD.2097828,2097828,POINT (16.39420270802818 48.219376471704535),Venediger-Au-Park,ca. 1809 m²,Hundezone,01 4000 8042,ja,http://www.wien.gv.at/umwelt/parks/hundezonen.html,1,
HUNDEZONEOGD.2097829,2097829,POINT (16.361008969752817 48.243393285125876),Wertheimsteinpark,ca. 1463 m²,Hundezone,01 4000 8042,nein,http://www.wien.gv.at/umwelt/parks/hundezonen.html,keine,
HUNDEZONEOGD.2097830,2097830,POINT (16.361633646433216 48.20619125744202),Heldenplatz (Bundesgärten),ca. 904 m²,Hundezone,,ja,http://www.wien.gv.at/umwelt/parks/hundezonen.html,keine,
HUNDEZONEOGD.2097831,2097831,POINT (16.3950003550414 48.21509982803364),Prater - Laufbergerwiese,ca. 1010 m²,Hundezone,01 4000 8042,ja,http://www.wien.gv.at/umwelt/parks/hundezonen.html,keine,
HUNDEZONEOGD.2097832,2097832,POINT (16.33822047214054 48.16781699799949),Erholungsgebiet Wienerberg West (MA49),ca. 1788 m²,Hundeauslaufplatz,01 4000 49000,ja,http://www.wien.gv.at/umwelt/parks/hundezonen.html,keine,
HUNDEZONEOGD.2097833,2097833,POINT (16.307742302846187 48.122388437436655),Kellerberg (MA49),ca. 3057 m²,Hundeauslaufplatz,01 4000 49000,ja,http://www.wien.gv.at/umwelt/parks/hundezonen.html,keine,
HUNDEZONEOGD.2097834,2097834,POINT (16.355505861900543 48.16270354511663),Erholungsgebiet Wienerberg Ost (MA49),ca. 8513 m²,Hundeauslaufplatz,01 4000 49000,ja,http://www.wien.gv.at/umwelt/parks/hundezonen.html,keine,
HUNDEZONEOGD.2097835,2097835,POINT (16.492243812789095 48.248689586995965),An der Neurisse,ca. 956 m²,Hundezone,,ja,http://www.wien.gv.at/umwelt/parks/hundezonen.html,keine,
HUNDEZONEOGD.2097836,2097836,POINT (16.514339134377177 48.20154654018843),Reinholdgasse (MA49),ca. 3346 m²,Hundeauslaufplatz,01 4000 49000,ja,http://www.wien.gv.at/umwelt/parks/hundezonen.html,keine,
HUNDEZONEOGD.2097837,2097837,POINT (16.437402592716527 48.255011031958),Thonetgasse (MA49),ca. 1804 m²,Hundeauslaufplatz,01 4000 49000,ja,http://www.wien.gv.at/umwelt/parks/hundezonen.html,keine,
HUNDEZONEOGD.2097838,2097838,POINT (16.328452146675026 48.18993041559886),Dadlerpark,ca. 1861 m²,Hundezone,01 4000 8042,ja,http://www.wien.gv.at/umwelt/parks/hundezonen.html,1,
HUNDEZONEOGD.2097839,2097839,POINT (16.316524671963116 48.18814025241307),Auer-Welsbach-Park,ca. 10187 m²,Hundeauslaufplatz,01 4000 8042,nein,http://www.wien.gv.at/umwelt/parks/hundezonen.html,1,
HUNDEZONEOGD.2097840,2097840,POINT (16.334605180410374 48.178859840759884),PA Vierthalergasse,ca. 710 m²,Hundezone,01 4000 8042,ja,http://www.wien.gv.at/umwelt/parks/hundezonen.html,1,
HUNDEZONEOGD.2097841,2097841,POINT (16.32753614593489 48.1569132857409),PA Lichtensterngasse,ca. 8448 m²,Hundeauslaufplatz,01 4000 8042,teilweise,http://www.wien.gv.at/umwelt/parks/hundezonen.html,keine,
HUNDEZONEOGD.2097842,2097842,POINT (16.316686095567878 48.17856655977266),PA Steinweisweg,ca. 914 m²,Hundezone,01 4000 8042,ja,http://www.wien.gv.at/umwelt/parks/hundezonen.html,keine,
HUNDEZONEOGD.2097843,2097843,POINT (16.374749586432863 48.21551275813963),GA Obere Donaustraße,ca. 3031 m²,Hundeauslaufplatz,,nein,http://www.wien.gv.at/umwelt/parks/hundezonen.html,keine,
HUNDEZONEOGD.2097844,2097844,POINT (16.372431984410294 48.15901103462478),PA Heuberggstätten,ca. 124634 m²,Hundeauslaufplatz,01 4000 8042,nein,http://www.wien.gv.at/umwelt/parks/hundezonen.html,keine,
HUNDEZONEOGD.2097845,2097845,POINT (16.425644699398187 48.17669130308507),PA Lautenschlägergasse,ca. 997 m²,Hundezone,01 4000 8042,ja,http://www.wien.gv.at/umwelt/parks/hundezonen.html,1,
HUNDEZONEOGD.2097846,2097846,POINT (16.28132247160007 48.16551256801287),Andreas-Rett-Park,ca. 498 m²,Hundezone,01 4000 8042,ja,http://www.wien.gv.at/umwelt/parks/hundezonen.html,keine,
HUNDEZONEOGD.2097847,2097847,POINT (16.41821770090577 48.16886735394647),PA Haugerstraße,ca. 399 m²,Hundezone,01 4000 8042,nein,http://www.wien.gv.at/umwelt/parks/hundezonen.html,keine,
HUNDEZONEOGD.2097848,2097848,POINT (16.510002050889643 48.22581727548759),Seepark,ca. 3390 m²,Hundezone,01 4000 8042,ja,http://www.wien.gv.at/umwelt/parks/hundezonen.html,keine,
HUNDEZONEOGD.2097849,2097849,POINT (16.2911275741489 48.13837373222475),PA Gaulgasse,ca. 6485 m²,Hundezone,01 4000 8042,ja,http://www.wien.gv.at/umwelt/parks/hundezonen.html,keine,
HUNDEZONEOGD.2097850,2097850,POINT (16.361626149399275 48.1980948956005),Alfred-Grünwald-Park,ca. 659 m²,Hundezone,01 4000 8042,ja,http://www.wien.gv.at/umwelt/parks/hundezonen.html,1,
HUNDEZONEOGD.2097851,2097851,POINT (16.32749550338541 48.21010926740917),Richard-Wagner-Park,ca. 539 m²,Hundezone,01 4000 8042,ja,http://www.wien.gv.at/umwelt/parks/hundezonen.html,1,
HUNDEZONEOGD.2097852,2097852,POINT (16.44292009864125 48.25827700638757),Ingeborg-Bachmann-Park,ca. 420 m²,Hundezone,01 4000 8042,ja,http://www.wien.gv.at/umwelt/parks/hundezonen.html,1,
HUNDEZONEOGD.2097853,2097853,POINT (16.384288530149224 48.238938042328044),Allerheiligenpark,ca. 2131 m²,Hundezone,01 4000 8042,ja,http://www.wien.gv.at/umwelt/parks/hundezonen.html,1,
HUNDEZONEOGD.2097854,2097854,POINT (16.383987471123238 48.16777073042216),Alfred-Böhm-Park,ca. 2844 m²,Hundezone,01 4000 8042,ja,http://www.wien.gv.at/umwelt/parks/hundezonen.html,1,
HUNDEZONEOGD.2097855,2097855,POINT (16.399595451504606 48.248984713763804),Ferdinand-Kaufmann-Platz,ca. 14489 m²,Hundezone,01 4000 8042,ja,http://www.wien.gv.at/umwelt/parks/hundezonen.html,1,
HUNDEZONEOGD.2097856,2097856,POINT (16.38273985557453 48.268518990913094),PA Lorettowiese,ca. 2420 m²,Hundezone,01 4000 8042,ja,http://www.wien.gv.at/umwelt/parks/hundezonen.html,1,
HUNDEZONEOGD.2097857,2097857,POINT (16.352260025869693 48.19795120552066),Esterházypark,ca. 444 m²,Hundezone,01 4000 8042,ja,http://www.wien.gv.at/umwelt/parks/hundezonen.html,1,
HUNDEZONEOGD.2097858,2097858,POINT (16.510742805446064 48.22869116103867),Elinor-Ostrom-Park,ca. 622 m²,Hundezone,01 4000 8042,ja,http://www.wien.gv.at/umwelt/parks/hundezonen.html,keine,
HUNDEZONEOGD.2097859,2097859,POINT (16.421373820531908 48.224289245067915),Hundezone Kaisermühlen (MA45),ca. 3214 m²,Hundezone,01 4000 96530,ja,http://www.wien.gv.at/umwelt/parks/hundezonen.html,keine,
HUNDEZONEOGD.2097860,2097860,POINT (16.41305704112793 48.2483116605527),PA Mühlschüttelgasse (MA 45),ca. 788 m²,Hundezone,01 4000 96530,ja,http://www.wien.gv.at/umwelt/parks/hundezonen.html,keine,
HUNDEZONEOGD.2097861,2097861,POINT (16.241362661673598 48.227612494314435),Spitalwiese (MA49),ca. 25443 m²,Hundeauslaufplatz,01 4000 49000,nein,http://www.wien.gv.at/umwelt/parks/hundezonen.html,keine,
HUNDEZONEOGD.2097862,2097862,POINT (16.278622504216305 48.24613732340871),Tiefauwiese (MA49),ca. 79701 m²,Hundeauslaufplatz,01 4000 49000,nein,http://www.wien.gv.at/umwelt/parks/hundezonen.html,keine,
HUNDEZONEOGD.2097863,2097863,POINT (16.31758908856625 48.261270093891795),Himmelstraße (MA49),ca. 13070 m²,Hundeauslaufplatz,01 4000 49000,nein,http://www.wien.gv.at/umwelt/parks/hundezonen.html,keine,
HUNDEZONEOGD.2097864,2097864,POINT (16.45084325211497 48.216456428380546),Mühlgrund (MA49),ca. 3573 m²,Hundeauslaufplatz,01 4000 49000,nein,http://www.wien.gv.at/umwelt/parks/hundezonen.html,keine,
HUNDEZONEOGD.2097865,2097865,POINT (16.315949321912733 48.140378671091945),PaN-Park,ca. 665 m²,Hundezone,01 4000 8042,ja,http://www.wien.gv.at/umwelt/parks/hundezonen.html,keine,
HUNDEZONEOGD.2097866,2097866,POINT (16.379042062420794 48.22461665664004),Augarten Ost (Bundesgärten),ca. 2002 m²,Hundezone,,ja,http://www.wien.gv.at/umwelt/parks/hundezonen.html,keine,
HUNDEZONEOGD.2097867,2097867,POINT (16.371009449229504 48.22644290118496),Augarten West (Bundesgärten),ca. 1064 m²,Hundezone,,ja,http://www.wien.gv.at/umwelt/parks/hundezonen.html,keine,
HUNDEZONEOGD.2097868,2097868,POINT (16.41172333538127 48.20438572466873),Prater - Rustenschacher,ca. 187005 m²,Hundeauslaufplatz,01 4000 8042,nein,http://www.wien.gv.at/umwelt/parks/hundezonen.html,1,
HUNDEZONEOGD.2097869,2097869,POINT (16.386926709116825 48.15287484355035),Volkspark Laaerberg,ca. 686 m²,Hundezone,01 4000 8042,ja,http://www.wien.gv.at/umwelt/parks/hundezonen.html,1,
HUNDEZONEOGD.2097870,2097870,POINT (16.370751510437 48.17272584192381),Arthaberpark,ca. 505 m²,Hundezone,01 4000 8042,ja,http://www.wien.gv.at/umwelt/parks/hundezonen.html,keine,
HUNDEZONEOGD.2097871,2097871,POINT (16.415560868191978 48.16738407858357),Luise-Montag-Park,ca. 4202 m²,Hundezone,01 4000 8042,ja,http://www.wien.gv.at/umwelt/parks/hundezonen.html,1,
HUNDEZONEOGD.2097872,2097872,POINT (16.409079459510274 48.171304042829185),Herderpark,ca. 2077 m²,Hundezone,01 4000 8042,ja,http://www.wien.gv.at/umwelt/parks/hundezonen.html,keine,
HUNDEZONEOGD.2097873,2097873,POINT (16.37354961202948 48.24394192878394),Forsthauspark/Hundeauslauf/Kornhäuselgasse,ca. 4064 m²,Hundeauslaufplatz,,nein,http://www.wien.gv.at/umwelt/parks/hundezonen.html,keine,
HUNDEZONEOGD.2097874,2097874,POINT (16.34478624553081 48.2112194110796),Hamerlingpark,ca. 358 m²,Hundezone,01 4000 8042,ja,http://www.wien.gv.at/umwelt/parks/hundezonen.html,1,
HUNDEZONEOGD.2097875,2097875,POINT (16.3564631387181 48.20566864685318),Weghuberpark,ca. 239 m²,Hundezone,01 4000 8042,ja,http://www.wien.gv.at/umwelt/parks/hundezonen.html,1,
HUNDEZONEOGD.2097876,2097876,POINT (16.47321271647428 48.16450294467111),Artillerieplatz Hundezone,ca. 597 m²,Hundezone,,ja,http://www.wien.gv.at/umwelt/parks/hundezonen.html,keine,
HUNDEZONEOGD.2097877,2097877,POINT (16.38125693745836 48.25287444650913),Hundeauslaufplatz Donauinsel Nord (MA45),ca. 13794 m²,Hundeauslaufplatz,01 4000 96530,nein,http://www.wien.gv.at/umwelt/parks/hundezonen.html,keine,
HUNDEZONEOGD.2097878,2097878,POINT (16.32925226553424 48.15587035010461),PA Wilhelm-Erben-Gasse,ca. 4907 m²,Hundeauslaufplatz,01 4000 8042,nein,http://www.wien.gv.at/umwelt/parks/hundezonen.html,keine,
HUNDEZONEOGD.2097879,2097879,POINT (16.403802088654533 48.22559513241828),Mexikopark – Rosenpark,ca. 4452 m²,Hundezone,01 4000 8042,ja,http://www.wien.gv.at/umwelt/parks/hundezonen.html,keine,
HUNDEZONEOGD.2097880,2097880,POINT (16.374740790333508 48.215670680935105),GA Obere Donaustraße,ca. 623 m²,Hundezone,,ja,http://www.wien.gv.at/umwelt/parks/hundezonen.html,keine,
HUNDEZONEOGD.2097881,2097881,POINT (16.353910918909012 48.22153758433544),Arne-Karlsson-Park,ca. 605 m²,Hundezone,01 4000 8042,ja,http://www.wien.gv.at/umwelt/parks/hundezonen.html,1,
HUNDEZONEOGD.2097882,2097882,POINT (16.319023478141286 48.19644262446176),Forschneritschpark,ca. 362 m²,Hundezone,01 4000 8042,ja,http://www.wien.gv.at/umwelt/parks/hundezonen.html,1,
HUNDEZONEOGD.2097883,2097883,POINT (16.37307145948174 48.19960216290949),Resselpark,ca. 635 m²,Hundezone,01 4000 8042,ja,http://www.wien.gv.at/umwelt/parks/hundezonen.html,1,
HUNDEZONEOGD.2097884,2097884,POINT (16.451600303574253 48.26040087076648),Wagramer Straße/Lieblgasse (Wiener Wohnen),ca. 687 m²,Hundezone,,ja,http://www.wien.gv.at/umwelt/parks/hundezonen.html,keine,
HUNDEZONEOGD.2097885,2097885,POINT (16.290946392279107 48.14973374390982),Millenbergeweg Hundezone,ca. 350 m²,Hundezone,,ja,http://www.wien.gv.at/umwelt/parks/hundezonen.html,keine,
HUNDEZONEOGD.2097886,2097886,POINT (16.498983850923064 48.2225969122317),Madame-d'Ora-Park,ca. 1013 m²,Hundezone,01 4000 8042,ja,http://www.wien.gv.at/umwelt/parks/hundezonen.html,1,
HUNDEZONEOGD.2097887,2097887,POINT (16.380056687100247 48.20393055456501),Stadtpark,ca. 1961 m²,Hundezone,01 4000 8042,nein,http://www.wien.gv.at/umwelt/parks/hundezonen.html,keine,
HUNDEZONEOGD.2097888,2097888,POINT (16.276479418866643 48.13682624521602),Herbert-Mayr-Park (MA45),ca. 2427 m²,Hundezone,01 4000 96530,ja,http://www.wien.gv.at/umwelt/parks/hundezonen.html,keine,
HUNDEZONEOGD.2097889,2097889,POINT (16.390605148786925 48.22350313968301),Franziska-Löw-Park,ca. 258 m²,Hundezone,01 4000 8042,ja,http://www.wien.gv.at/umwelt/parks/hundezonen.html,1,
HUNDEZONEOGD.2097890,2097890,POINT (16.312711192095385 48.13107657879341),PA Siedlung Wienerflur,ca. 1329 m²,Hundezone,01 4000 8042,ja,http://www.wien.gv.at/umwelt/parks/hundezonen.html,keine,
HUNDEZONEOGD.2097891,2097891,POINT (16.386157668492242 48.17824844638234),Helmut-Zilk-Park,ca. 517 m²,Hundezone,01 4000 8042,ja,http://www.wien.gv.at/umwelt/parks/hundezonen.html,1,
HUNDEZONEOGD.2097892,2097892,POINT (16.405628856015745 48.274511364565015),PA Thomagasse,ca. 816 m²,Hundezone,01 4000 8042,ja,http://www.wien.gv.at/umwelt/parks/hundezonen.html,keine,
HUNDEZONEOGD.2097893,2097893,POINT (16.44394545784926 48.161119742557254),Schloss Neugebäude - Unterer Garten,ca. 1860 m²,Hundeauslaufplatz,01 4000 8042,ja,http://www.wien.gv.at/umwelt/parks/hundezonen.html,1,
HUNDEZONEOGD.2097894,2097894,POINT (16.351417616920706 48.25900528423394),Beethovenpark,ca. 1375 m²,Hundeauslaufplatz,01 4000 8042,nein,http://www.wien.gv.at/umwelt/parks/hundezonen.html,keine,
HUNDEZONEOGD.2097895,2097895,POINT (16.346346113236244 48.14100738059476),Draschegründe (MA49),ca. 3032 m²,Hundeauslaufplatz,01 4000 49000,ja,http://www.wien.gv.at/umwelt/parks/hundezonen.html,keine,
HUNDEZONEOGD.2097896,2097896,POINT (16.252502250943085 48.1458973693236),Anton-Krieger-Gasse (MA49),ca. 5713 m²,Hundeauslaufplatz,01 4000 49000,nein,http://www.wien.gv.at/umwelt/parks/hundezonen.html,keine,
HUNDEZONEOGD.2097897,2097897,POINT (16.378531105003304 48.179506348049536),Humboldtpark,ca. 251 m²,Hundezone,01 4000 8042,ja,http://www.wien.gv.at/umwelt/parks/hundezonen.html,keine,
HUNDEZONEOGD.2097898,2097898,POINT (16.27449610998072 48.18177102367778),PA Roter Berg,ca. 8451 m²,Hundeauslaufplatz,01 4000 8042,ja,http://www.wien.gv.at/umwelt/parks/hundezonen.html,keine,
HUNDEZONEOGD.2097899,2097899,POINT (16.29103764636894 48.161964536507206),Am Rosenhügel Hundeauslauf,ca. 749 m²,Hundeauslaufplatz,,ja,http://www.wien.gv.at/umwelt/parks/hundezonen.html,1,
HUNDEZONEOGD.2097900,2097900,POINT (16.245622415122895 48.210782546467314),PA Wolfersberg,ca. 59546 m²,Hundeauslaufplatz,01 4000 8042,nein,http://www.wien.gv.at/umwelt/parks/hundezonen.html,1,
HUNDEZONEOGD.2097901,2097901,POINT (16.339067789406787 48.22583350615912),Schubertpark,ca. 1281 m²,Hundezone,01 4000 8042,ja,http://www.wien.gv.at/umwelt/parks/hundezonen.html,1,
HUNDEZONEOGD.2097902,2097902,POINT (16.380115003910696 48.17649935757868),PA Wielandplatz,ca. 287 m²,Hundezone,01 4000 8042,ja,http://www.wien.gv.at/umwelt/parks/hundezonen.html,1,
HUNDEZONEOGD.2097903,2097903,POINT (16.390727487815013 48.226914052470825),Freie Mitte,ca. 553 m²,Hundezone,01 4000 8042,ja,http://www.wien.gv.at/umwelt/parks/hundezonen.html,1,
HUNDEZONEOGD.2097904,2097904,POINT (16.314604434857014 48.155632490810326),PA Auer-Welsbach-Straße,ca. 1293 m²,Hundezone,01 4000 8042,ja,http://www.wien.gv.at/umwelt/parks/hundezonen.html,keine,
HUNDEZONEOGD.2097905,2097905,POINT (16.322076804704302 48.14564218839823),Altmannsdorfer Straße/23.Bezirk,ca. 413 m²,Hundezone,,ja,http://www.wien.gv.at/umwelt/parks/hundezonen.html,keine,
HUNDEZONEOGD.2097906,2097906,POINT (16.37520487939486 48.17894776877633),PA Keplerplatz,ca. 283 m²,Hundezone,01 4000 8042,ja,http://www.wien.gv.at/umwelt/parks/hundezonen.html,keine,
HUNDEZONEOGD.2097907,2097907,POINT (16.368783301112327 48.170844554760855),PA Paltramplatz,ca. 292 m²,Hundezone,01 4000 8042,ja,http://www.wien.gv.at/umwelt/parks/hundezonen.html,keine,
HUNDEZONEOGD.2097908,2097908,POINT (16.35578251156647 48.18815214869211),Bacherpark,ca. 96 m²,Hundezone,01 4000 8042,ja,http://www.wien.gv.at/umwelt/parks/hundezonen.html,keine,
HUNDEZONEOGD.2097909,2097909,POINT (16.342434036504454 48.23896232748443),Hayekpark,ca. 832 m²,Hundezone,01 4000 8042,ja,http://www.wien.gv.at/umwelt/parks/hundezonen.html,keine,
HUNDEZONEOGD.2097910,2097910,POINT (16.44568529290363 48.2069490395211),Hundeauslaufplatz Neue Donau Süd (MA45),ca. 19045 m²,Hundeauslaufplatz,01 4000 96530,nein,http://www.wien.gv.at/umwelt/parks/hundezonen.html,keine,
HUNDEZONEOGD.2097911,2097911,POINT (16.35531837495074 48.15325070033976),Johann-Benda-Park,ca. 1884 m²,Hundezone,01 4000 8042,ja,http://www.wien.gv.at/umwelt/parks/hundezonen.html,keine,
HUNDEZONEOGD.2097912,2097912,POINT (16.378056437474118 48.170523309788656),Antonspark,ca. 639 m²,Hundezone,01 4000 8042,ja,http://www.wien.gv.at/umwelt/parks/hundezonen.html,keine,
HUNDEZONEOGD.2097913,2097913,POINT (16.314338513362003 48.20635007888631),Rohrauerpark,ca. 349 m²,Hundezone,01 4000 8042,ja,http://www.wien.gv.at/umwelt/parks/hundezonen.html,keine,
HUNDEZONEOGD.2097914,2097914,POINT (16.42388265957399 48.27776507709944),PA Ruthnergasse,ca. 1038 m²,Hundezone,01 4000 8042,ja,http://www.wien.gv.at/umwelt/parks/hundezonen.html,keine,
HUNDEZONEOGD.2097915,2097915,POINT (16.380367989560305 48.20375490090508),Stadtpark - Kinderpark,ca. 1923 m²,Hundezone,01 4000 8042,nein,http://www.wien.gv.at/umwelt/parks/hundezonen.html,keine,
HUNDEZONEOGD.2097916,2097916,POINT (16.380877444991402 48.202904072107614),Stadtpark - Kinderpark,ca. 260 m²,Hundezone,01 4000 8042,ja,http://www.wien.gv.at/umwelt/parks/hundezonen.html,keine,
HUNDEZONEOGD.2097917,2097917,POINT (16.373112202895815 48.21525122716687),PA Franz-Josefs-Kai,ca. 1999 m²,Hundezone,01 4000 8042,ja,http://www.wien.gv.at/umwelt/parks/hundezonen.html,1,
HUNDEZONEOGD.2097918,2097918,POINT (16.33905702427925 48.18137969754169),Steinbauerpark,ca. 504 m²,Hundezone,01 4000 8042,ja,http://www.wien.gv.at/umwelt/parks/hundezonen.html,1,
HUNDEZONEOGD.2097919,2097919,POINT (16.396006066226118 48.208481393560504),Hundertwasser-Promenade,ca. 577 m²,Hundezone,01 4000 8042,ja,http://www.wien.gv.at/umwelt/parks/hundezonen.html,keine,
HUNDEZONEOGD.2097920,2097920,POINT (16.396710869778467 48.206233798122625),Hundertwasser-Promenade,ca. 437 m²,Hundeauslaufplatz,01 4000 8042,ja,http://www.wien.gv.at/umwelt/parks/hundezonen.html,keine,
HUNDEZONEOGD.2097921,2097921,POINT (16.38487093971437 48.20053053701159),GA Linke Bahngasse,ca. 2807 m²,Hundeauslaufplatz,,ja,http://www.wien.gv.at/umwelt/parks/hundezonen.html,keine,
HUNDEZONEOGD.2097922,2097922,POINT (16.39057319043707 48.19853310171937),Arenbergpark,ca. 1125 m²,Hundezone,01 4000 8042,ja,http://www.wien.gv.at/umwelt/parks/hundezonen.html,keine,
HUNDEZONEOGD.2097923,2097923,POINT (16.321323731587427 48.185905968366356),Jheringgasse,ca. 458 m²,Hundezone,,ja,http://www.wien.gv.at/umwelt/parks/hundezonen.html,1,
HUNDEZONEOGD.2097924,2097924,POINT (16.276616936478682 48.17227854447372),Wolkersbergenstraße Hundezone,ca. 1223 m²,Hundezone,,ja,http://www.wien.gv.at/umwelt/parks/hundezonen.html,keine,
HUNDEZONEOGD.2097925,2097925,POINT (16.33815378589207 48.20758000900646),Lerchenfelder Gürtel Hundezone,ca. 406 m²,Hundezone,,ja,http://www.wien.gv.at/umwelt/parks/hundezonen.html,1,
HUNDEZONEOGD.2097926,2097926,POINT (16.337611647613205 48.20674959846906),Lerchenfelder Gürtel Hundezone,ca. 598 m²,Hundezone,,ja,http://www.wien.gv.at/umwelt/parks/hundezonen.html,1,
HUNDEZONEOGD.2097927,2097927,POINT (16.387115883519893 48.179829561377424),Maria-Lassnig-Straße Hundezone,ca. 671 m²,Hundezone,,ja,http://www.wien.gv.at/umwelt/parks/hundezonen.html,keine,
HUNDEZONEOGD.2097928,2097928,POINT (16.339838375309448 48.21280183792755),Hernalser Gürtel Hundezone,ca. 675 m²,Hundezone,,ja,http://www.wien.gv.at/umwelt/parks/hundezonen.html,1,
HUNDEZONEOGD.2097929,2097929,POINT (16.377341746847012 48.16684003315686),Hebbelpark,ca. 830 m²,Hundezone,01 4000 8042,ja,http://www.wien.gv.at/umwelt/parks/hundezonen.html,keine,
HUNDEZONEOGD.2097930,2097930,POINT (16.493585924008915 48.233687371083),Ostbahnbegleitstraße//Hausfeldstraße/Johann-Kutschera-Gasse,ca. 578 m²,Hundezone,,ja,http://www.wien.gv.at/umwelt/parks/hundezonen.html,1,
HUNDEZONEOGD.2097931,2097931,POINT (16.454750002841884 48.24738838906003),PA Forstnergasse,ca. 2778 m²,Hundezone,01 4000 8042,ja,http://www.wien.gv.at/umwelt/parks/hundezonen.html,1,
HUNDEZONEOGD.2097932,2097932,POINT (16.345410352830104 48.152114989478406),Draschepark,ca. 6092 m²,Hundeauslaufplatz,01 4000 8042,ja,http://www.wien.gv.at/umwelt/parks/hundezonen.html,keine,
HUNDEZONEOGD.2097933,2097933,POINT (16.342067681396905 48.152723446013546),Draschepark,ca. 6731 m²,Hundeauslaufplatz,01 4000 8042,ja,http://www.wien.gv.at/umwelt/parks/hundezonen.html,keine,
HUNDEZONEOGD.2097934,2097934,POINT (16.32726760669238 48.18194191332282),Theresienbadpark,ca. 703 m²,Hundezone,01 4000 8042,ja,http://www.wien.gv.at/umwelt/parks/hundezonen.html,keine,
HUNDEZONEOGD.2097935,2097935,POINT (16.310187025282612 48.22270383296185),Kongreßpark,ca. 1574 m²,Hundezone,01 4000 8042,ja,http://www.wien.gv.at/umwelt/parks/hundezonen.html,keine,
HUNDEZONEOGD.2097936,2097936,POINT (16.311377267483497 48.222623174585046),Kongreßpark,ca. 1436 m²,Hundezone,01 4000 8042,ja,http://www.wien.gv.at/umwelt/parks/hundezonen.html,keine,
HUNDEZONEOGD.2097937,2097937,POINT (16.430086796428945 48.26063063721425),Teresa-Tauscher-Park (MA49),ca. 1410 m²,Hundezone,01 4000 49000,ja,http://www.wien.gv.at/umwelt/parks/hundezonen.html,keine,
HUNDEZONEOGD.2097938,2097938,POINT (16.420752523701218 48.25694377696566),PA Töllergasse,ca. 587 m²,Hundezone,01 4000 8042,ja,http://www.wien.gv.at/umwelt/parks/hundezonen.html,keine,
HUNDEZONEOGD.2097939,2097939,POINT (16.389051405023853 48.23036258164539),Freie Mitte,ca. 570 m²,Hundezone,01 4000 8042,ja,http://www.wien.gv.at/umwelt/parks/hundezonen.html,1,
HUNDEZONEOGD.2097940,2097940,POINT (16.332599549313834 48.204028766105246),Vogelweidpark,ca. 2021 m²,Hundezone,01 4000 8042,ja,http://www.wien.gv.at/umwelt/parks/hundezonen.html,1,
HUNDEZONEOGD.2097941,2097941,POINT (16.316907332337838 48.15299572398029),Wohnparkstraße Hundezone,ca. 1327 m²,Hundezone,,ja,http://www.wien.gv.at/umwelt/parks/hundezonen.html,keine,
HUNDEZONEOGD.2097942,2097942,POINT (16.382352004830484 48.20040166287161),Modenapark,ca. 679 m²,Hundezone,01 4000 8042,ja,http://www.wien.gv.at/umwelt/parks/hundezonen.html,keine,
HUNDEZONEOGD.2097943,2097943,POINT (16.35827019805204 48.21530143908717),Votivpark,ca. 442 m²,Hundezone,01 4000 8042,ja,http://www.wien.gv.at/umwelt/parks/hundezonen.html,keine,
HUNDEZONEOGD.2097944,2097944,POINT (16.403985461003067 48.19596371904882),Bock-Park,ca. 227 m²,Hundezone,01 4000 8042,ja,http://www.wien.gv.at/umwelt/parks/hundezonen.html,keine,
HUNDEZONEOGD.2097945,2097945,POINT (16.485252688199356 48.27674148691576),Badeteich Süßenbrunn,ca. 64273 m²,Hundeauslaufplatz,01 4000 8042,nein,http://www.wien.gv.at/umwelt/parks/hundezonen.html,1,
HUNDEZONEOGD.2097946,2097946,POINT (16.337575267753536 48.189983091040816),PA Sechshauser Gürtel,ca. 506 m²,Hundezone,01 4000 8042,ja,http://www.wien.gv.at/umwelt/parks/hundezonen.html,keine,
HUNDEZONEOGD.2097947,2097947,POINT (16.488570568511122 48.243605593554534),PA Berresgasse EPK4,ca. 484 m²,Hundezone,,ja,http://www.wien.gv.at/umwelt/parks/hundezonen.html,1,
HUNDEZONEOGD.2097948,2097948,POINT (16.45163890711747 48.252843924154256),Ernst-Paul-Zimper-Park,ca. 847 m²,Hundezone,01 4000 8042,ja,http://www.wien.gv.at/umwelt/parks/hundezonen.html,keine,
HUNDEZONEOGD.2097949,2097949,POINT (16.366592951396655 48.22595953280085),Karoline-Tintner-Promenade,ca. 448 m²,Hundezone,,ja,http://www.wien.gv.at/umwelt/parks/hundezonen.html,keine,
HUNDEZONEOGD.2097950,2097950,POINT (16.278204695522057 48.139631217649466),PA Theophil-Hansen-Gasse,ca. 5343 m²,Hundezone,01 4000 8042,ja,http://www.wien.gv.at/umwelt/parks/hundezonen.html,1,
HUNDEZONEOGD.2097951,2097951,POINT (16.399088835640878 48.19426702153279),Joe-Zawinul-Park,ca. 1620 m²,Hundeverbot,01 4000 8042,nein,,keine,
HUNDEZONEOGD.2097952,2097952,POINT (16.321713178483733 48.21844595858705),PA Clemens-Hofbauer-Platz,ca. 256 m²,Hundeverbot,01 4000 8042,ja,,keine,
HUNDEZONEOGD.2097953,2097953,POINT (16.346385245610612 48.20464707730143),Karl-Farkas-Park,ca. 1501 m²,Hundeverbot,01 4000 8042,ja,,keine,
HUNDEZONEOGD.2097954,2097954,POINT (16.347327142208464 48.21695829278155),Gerda-Matejka-Felden-Park (privat),ca. 3388 m²,Hundeverbot,,keine Angabe,,keine,
HUNDEZONEOGD.2097955,2097955,POINT (16.414634316428565 48.29150781884634),PA Lüssenpromenade,ca. 5512 m²,Hundeverbot,01 4000 8042,nein,,keine,
HUNDEZONEOGD.2097956,2097956,POINT (16.282722518205382 48.18559322018305),PA Don-Bosco-Wiese,ca. 2279 m²,Hundeverbot,,ja,,keine,
HUNDEZONEOGD.2097957,2097957,POINT (16.395511825997996 48.249850993504616),Wasserpark,ca. 3679 m²,Hundeverbot,01 4000 8042,nein,,keine,
HUNDEZONEOGD.2097958,2097958,POINT (16.302627157899916 48.24127975300595),Pötzleinsdorfer Schloßpark,ca. 348633 m²,Hundeverbot,01 4000 8042,ja,,keine,
HUNDEZONEOGD.2097959,2097959,POINT (16.518763514020833 48.21540764367836),PA Illnerstraße,ca. 2345 m²,Hundeverbot,01 4000 8042,nein,,keine,
HUNDEZONEOGD.2097960,2097960,POINT (16.436177385592458 48.223061353804255),Große Bucht (MA 45),ca. 1727 m²,Hundeverbot,01 4000 96530,nein,,keine,
HUNDEZONEOGD.2097961,2097961,POINT (16.38990238859228 48.205139079016),GA Esteplatz,ca. 788 m²,Hundeverbot,,nein,,keine,
HUNDEZONEOGD.2097962,2097962,POINT (16.450764326935932 48.286781671603855),PA Illgasse,ca. 2919 m²,Hundeverbot,01 4000 8042,keine Angabe,,keine,
HUNDEZONEOGD.2097963,2097963,POINT (16.391141497289137 48.204843293780556),Czapkapark,ca. 2792 m²,Hundeverbot,01 4000 8042,ja,,keine,
HUNDEZONEOGD.2097964,2097964,POINT (16.343671682802835 48.21439668551681),GA Albertplatz,ca. 392 m²,Hundeverbot,,,,keine,
HUNDEZONEOGD.2097965,2097965,POINT (16.412050556048225 48.248565494966485),PA Mühlschüttelgasse (MA 45),ca. 8172 m²,Hundeverbot,01 4000 96530,nein,,keine,
HUNDEZONEOGD.2097966,2097966,POINT (16.219884419102865 48.17869029179456),Lainzer Tiergarten (MA 49),ca. 23546962 m²,Hundeverbot,01 4000 49000,keine Angabe,,keine,
HUNDEZONEOGD.2097967,2097967,POINT (16.448569040883232 48.27218012428379),PA Gitlbauergasse,ca. 18035 m²,Hundeverbot,01 4000 8042,keine Angabe,,keine,
HUNDEZONEOGD.2097968,2097968,POINT (16.309381020416286 48.203435718270285),PA Kendlerstraße (MA 51),ca. 996 m²,Hundeverbot,,ja,,keine,
HUNDEZONEOGD.2097969,2097969,POINT (16.365167104269045 48.19155272935369),Rubenspark,ca. 1626 m²,Hundeverbot,01 4000 8042,ja,,keine,
HUNDEZONEOGD.2097970,2097970,POINT (16.448938708920426 48.2700423838517),Hedwig-und-Johann-Schneider-Park,ca. 15153 m²,Hundeverbot,01 4000 8042,keine Angabe,,keine,
HUNDEZONEOGD.2097971,2097971,POINT (16.395613461780336 48.16229277794163),Erholungsgebiet Laaer Wald (MA 49),ca. 296013 m²,Hundeverbot,01 4000 49000,keine Angabe,,keine,
HUNDEZONEOGD.2097972,2097972,POINT (16.319467123552684 48.21292169188194),PA Lambertgasse,ca. 258 m²,Hundeverbot,01 4000 8042,ja,,keine,
HUNDEZONEOGD.2097973,2097973,POINT (16.333214974626234 48.189370855736634),PA Kranzgasse,ca. 690 m²,Hundeverbot,01 4000 8042,ja,,keine,
HUNDEZONEOGD.2097974,2097974,POINT (16.343920821425733 48.19377290203406),Vinzenz-von-Paul-Park,ca. 824 m²,Hundeverbot,01 4000 8042,keine Angabe,,keine,
HUNDEZONEOGD.2097975,2097975,POINT (16.355738292460966 48.20371204114158),Gutenbergpark,ca. 353 m²,Hundeverbot,01 4000 8042,teilweise,,keine,
HUNDEZONEOGD.2097976,2097976,POINT (16.34384401270833 48.187981370244714),Bruno-Kreisky-Park,ca. 10468 m²,Hundeverbot,01 4000 8042,keine Angabe,,keine,
HUNDEZONEOGD.2097977,2097977,POINT (16.360004074720084 48.18906279487036),GA Viktor-Christ-Gasse,ca. 419 m²,Hundeverbot,,ja,,keine,
HUNDEZONEOGD.2097978,2097978,POINT (16.41523329381535 48.179454196284766),PA Eisteichstraße,ca. 3855 m²,Hundeverbot,01 4000 8042,,,keine,
HUNDEZONEOGD.2097979,2097979,POINT (16.393231615880314 48.27291682198504),Denglerpark,ca. 16136 m²,Hundeverbot,01 4000 8042,keine Angabe,,keine,
HUNDEZONEOGD.2097980,2097980,POINT (16.37134131752745 48.17308602153859),Arthaberpark,ca. 9981 m²,Hundeverbot,01 4000 8042,nein,,keine,
HUNDEZONEOGD.2097981,2097981,POINT (16.405487857784436 48.145539068612266),Kurpark Oberlaa,ca. 1179 m²,Hundeverbot,01 4000 8042,ja,,keine,
HUNDEZONEOGD.2097982,2097982,POINT (16.36540066530789 48.18058380952404),Waldmüllerpark,ca. 33059 m²,Hundeverbot,01 4000 8042,teilweise,,keine,
HUNDEZONEOGD.2097983,2097983,POINT (16.35250780781598 48.229508705008804),Helene-Deutsch-Park,ca. 3134 m²,Hundeverbot,01 4000 8042,nein,,keine,
HUNDEZONEOGD.2097984,2097984,POINT (16.488281786344057 48.24309483316506),PA Berresgasse EPK4,ca. 4423 m²,Hundeverbot,,nein,,keine,
HUNDEZONEOGD.2097985,2097985,POINT (16.44357984308987 48.2584404510064),Ingeborg-Bachmann-Park,ca. 10426 m²,Hundeverbot,01 4000 8042,ja,,keine,
HUNDEZONEOGD.2097986,2097986,POINT (16.4179333750867 48.182728861839934),PA Hallergasse,ca. 2872 m²,Hundeverbot,01 4000 8042,keine Angabe,,keine,
HUNDEZONEOGD.2097987,2097987,POINT (16.332142413968405 48.210562426339955),Leon-Askin-Park,ca. 1433 m²,Hundeverbot,01 4000 8042,nein,,keine,
HUNDEZONEOGD.2097988,2097988,POINT (16.367850058254152 48.18640223804841),Alois-Drasche-Park,ca. 13962 m²,Hundeverbot,01 4000 8042,keine Angabe,,keine,
HUNDEZONEOGD.2097989,2097989,POINT (16.34523983161615 48.20881982833419),Tigerpark,ca. 1562 m²,Hundeverbot,01 4000 8042,ja,,keine,
HUNDEZONEOGD.2097990,2097990,POINT (16.319047106947295 48.19666468542066),Forschneritschpark,ca. 3843 m²,Hundeverbot,01 4000 8042,nein,,keine,
HUNDEZONEOGD.2097991,2097991,POINT (16.28765381181938 48.17522575104728),Kinderspielplatz Fasangarten,ca. 1984 m²,Hundeverbot,01 4000 8042,keine Angabe,,keine,
HUNDEZONEOGD.2097992,2097992,POINT (16.34223817392768 48.193842339818886),Minna-Lachs-Park,ca. 2856 m²,Hundeverbot,01 4000 8042,teilweise,,keine,
HUNDEZONEOGD.2097993,2097993,POINT (16.35873166898186 48.17243445281517),Fortunapark,ca. 10487 m²,Hundeverbot,01 4000 8042,keine Angabe,,keine,
HUNDEZONEOGD.2097994,2097994,POINT (16.346943073843985 48.19237868948892),Hubert-Marischka-Park,ca. 4412 m²,Hundeverbot,01 4000 8042,ja,,keine,
HUNDEZONEOGD.2097995,2097995,POINT (16.318973732927166 48.23719484872123),Gerda-Lerner-Park,ca. 988 m²,Hundeverbot,01 4000 8042,teilweise,,keine,
HUNDEZONEOGD.2097996,2097996,POINT (16.364790471711835 48.21739209564955),Erwin-Ringel-Park,ca. 2677 m²,Hundeverbot,01 4000 8042,nein,,keine,
HUNDEZONEOGD.2097997,2097997,POINT (16.347497779257143 48.18724135050086),PA Am Hundsturm,ca. 3675 m²,Hundeverbot,01 4000 8042,keine Angabe,,keine,
HUNDEZONEOGD.2097998,2097998,POINT (16.317386575155222 48.187468675799224),Auer-Welsbach-Park,ca. 87145 m²,Hundeverbot,01 4000 8042,nein,,keine,
HUNDEZONEOGD.2097999,2097999,POINT (16.265988573964428 48.18826201854048),Dechant-Kinzl-Park,ca. 1512 m²,Hundeverbot,,keine Angabe,,keine,
HUNDEZONEOGD.2098000,2098000,POINT (16.374451552964576 48.244128321714854),Forsthauspark,ca. 8558 m²,Hundeverbot,01 4000 8042,teilweise,,keine,
HUNDEZONEOGD.2098001,2098001,POINT (16.355322963738043 48.1812641613832),PA Leopold-Rister-Gasse,ca. 4199 m²,Hundeverbot,01 4000 8042,keine Angabe,,keine,
HUNDEZONEOGD.2098002,2098002,POINT (16.315006399465165 48.23210003647183),Fuchupark,ca. 4836 m²,Hundeverbot,01 4000 8042,ja,,keine,
HUNDEZONEOGD.2098003,2098003,POINT (16.405453628504787 48.24750696507761),PA Dragonerhäufel,ca. 28245 m²,Hundeverbot,01 4000 8042,teilweise,,keine,
HUNDEZONEOGD.2098004,2098004,POINT (16.388968406439727 48.2024954556179),Friedrich-Gulda-Park,ca. 1058 m²,Hundeverbot,01 4000 8042,nein,,keine,
HUNDEZONEOGD.2098005,2098005,POINT (16.347443991230836 48.198832814264975),Andreaspark,ca. 1386 m²,Hundeverbot,01 4000 8042,ja,,keine,
HUNDEZONEOGD.2098006,2098006,POINT (16.355223557440308 48.206293565557374),Weghuberpark,ca. 4525 m²,Hundeverbot,01 4000 8042,teilweise,,keine,
HUNDEZONEOGD.2098007,2098007,POINT (16.302929738761573 48.19557577263356),Matzner-Park,ca. 21434 m²,Hundeverbot,01 4000 8042,keine Angabe,,keine,
HUNDEZONEOGD.2098008,2098008,POINT (16.269768964995674 48.189079457220664),PA Sommerergasse,ca. 1091 m²,Hundeverbot,01 4000 8042,ja,,keine,
HUNDEZONEOGD.2098009,2098009,POINT (16.39425697746847 48.154509423956235),PA Holzknechtstraße,ca. 2127 m²,Hundeverbot,01 4000 8042,teilweise,,keine,
HUNDEZONEOGD.2098010,2098010,POINT (16.340209497439094 48.18551895552616),PA Steinhagegasse,ca. 3841 m²,Hundeverbot,01 4000 8042,ja,,keine,
HUNDEZONEOGD.2098011,2098011,POINT (16.325952488920933 48.214894587318646),Lorenz-Bayer-Park,ca. 6810 m²,Hundeverbot,01 4000 8042,ja,,keine,
HUNDEZONEOGD.2098012,2098012,POINT (16.402880334528952 48.163932481938424),PA Löwygrube,ca. 481 m²,Hundeverbot,01 4000 8042,ja,,keine,
HUNDEZONEOGD.2098013,2098013,POINT (16.322876251189562 48.157864701679465),PA Lichtensterngasse,ca. 2724 m²,Hundeverbot,01 4000 8042,nein,,keine,
HUNDEZONEOGD.2098014,2098014,POINT (16.283048718987857 48.19876393024011),Waidhausenpark,ca. 3417 m²,Hundeverbot,01 4000 8042,teilweise,,keine,
HUNDEZONEOGD.2098015,2098015,POINT (16.355510022043177 48.22324441291261),Widerhoferplatz,ca. 505 m²,Hundeverbot,,keine Angabe,,keine,
HUNDEZONEOGD.2098016,2098016,POINT (16.252819890955912 48.1882903893887),Adolfstorwiesen (MA 49),ca. 10420 m²,Hundeverbot,01 4000 49000,nein,,keine,
HUNDEZONEOGD.2098017,2098017,POINT (16.42079427262056 48.13205887871393),PA Klederinger Straße,ca. 1948 m²,Hundeverbot,01 4000 8042,ja,,keine,
HUNDEZONEOGD.2098018,2098018,POINT (16.332085234943854 48.19425639776714),PA Rosinagasse,ca. 671 m²,Hundeverbot,01 4000 8042,keine Angabe,,keine,
HUNDEZONEOGD.2098019,2098019,POINT (16.319071289442565 48.19393931090595),Regine-Landeis-Park,ca. 2436 m²,Hundeverbot,01 4000 8042,teilweise,,keine,
HUNDEZONEOGD.2098020,2098020,POINT (16.37783265988358 48.24907749202946),Schmetterlingspark,ca. 3671 m²,Hundeverbot,01 4000 8042,ja,,keine,
HUNDEZONEOGD.2098021,2098021,POINT (16.3632965040371 48.18971806854029),Wanda-Lanzer-Park,ca. 1007 m²,Hundeverbot,01 4000 8042,ja,,keine,
HUNDEZONEOGD.2098022,2098022,POINT (16.330259215095563 48.202488316622215),Burjanplatz,ca. 1570 m²,Hundeverbot,,keine Angabe,,keine,
HUNDEZONEOGD.2098023,2098023,POINT (16.343620679688584 48.178023713489765),GA Malfattigasse,ca. 223 m²,Hundeverbot,,ja,,keine,
HUNDEZONEOGD.2098024,2098024,POINT (16.389012296959134 48.25668996620144),Floridsdorfer Aupark,ca. 10838 m²,Hundeverbot,01 4000 8042,keine Angabe,,keine,
HUNDEZONEOGD.2098025,2098025,POINT (16.424504346990382 48.25010816738206),Nordmanngasse (MA 49),ca. 4705 m²,Hundeverbot,01 4000 49000,nein,,keine,
HUNDEZONEOGD.2098026,2098026,POINT (16.311368379025645 48.19598340436332),Reinlpark,ca. 3143 m²,Hundeverbot,01 4000 8042,ja,,keine,
HUNDEZONEOGD.2098027,2098027,POINT (16.41784752921857 48.18091098891449),PA Lorenz-Reiter-Straße,ca. 6853 m²,Hundeverbot,01 4000 8042,teilweise,,keine,
HUNDEZONEOGD.2098028,2098028,POINT (16.26839242847614 48.16118377292912),Napoleonwald,ca. 13569 m²,Hundeverbot,01 4000 8042,nein,,keine,
HUNDEZONEOGD.2098029,2098029,POINT (16.404745700316184 48.20541270066449),Prater - Jesuitenwiese,ca. 133578 m²,Hundeverbot,01 4000 8042,nein,,keine,
HUNDEZONEOGD.2098030,2098030,POINT (16.4308541397234 48.22036334672738),Strombucht (MA 45),ca. 6956 m²,Hundeverbot,01 4000 96530,nein,,keine,
HUNDEZONEOGD.2098031,2098031,POINT (16.371485899512944 48.214178213915915),Rudolfspark,ca. 4129 m²,Hundeverbot,01 4000 8042,ja,,keine,
HUNDEZONEOGD.2098032,2098032,POINT (16.35111360521265 48.22523303356275),PA Bertha-Löwi-Weg,ca. 1012 m²,Hundeverbot,01 4000 8042,nein,,keine,
HUNDEZONEOGD.2098033,2098033,POINT (16.350564794447685 48.212403105882366),Schönbornpark,ca. 8512 m²,Hundeverbot,01 4000 8042,ja,,keine,
HUNDEZONEOGD.2098034,2098034,POINT (16.39235204253044 48.20336771558433),Grete-Jost-Park,ca. 1777 m²,Hundeverbot,01 4000 8042,nein,,keine,
HUNDEZONEOGD.2098035,2098035,POINT (16.37701982544949 48.170969557347874),Antonspark,ca. 480 m²,Hundeverbot,01 4000 8042,keine Angabe,,keine,
HUNDEZONEOGD.2098036,2098036,POINT (16.34547684770318 48.21107475690725),Hamerlingpark,ca. 5285 m²,Hundeverbot,01 4000 8042,ja,,keine,
HUNDEZONEOGD.2098037,2098037,POINT (16.415223510479738 48.243676380768626),ArbeiterInnenstrand (MA 45),ca. 19959 m²,Hundeverbot,01 4000 96530,nein,,keine,
HUNDEZONEOGD.2098038,2098038,POINT (16.361037008628717 48.18989396837148),Schütte-Lihotzky-Park,ca. 3221 m²,Hundeverbot,01 4000 8042,keine Angabe,,keine,
HUNDEZONEOGD.2098039,2098039,POINT (16.48907472261715 48.27659434907395),Badeteich Süßenbrunn,ca. 11878 m²,Hundeverbot,01 4000 8042,nein,,keine,
HUNDEZONEOGD.2098040,2098040,POINT (16.30362728745402 48.22918472312774),Josef-Kaderka-Park,ca. 3919 m²,Hundeverbot,01 4000 8042,keine Angabe,,keine,
HUNDEZONEOGD.2098041,2098041,POINT (16.378262432223035 48.17927758711076),Humboldtpark,ca. 2638 m²,Hundeverbot,01 4000 8042,keine Angabe,,keine,
HUNDEZONEOGD.2098042,2098042,POINT (16.331035740516 48.19829498032849),Reithofferpark,ca. 9761 m²,Hundeverbot,01 4000 8042,nein,,keine,
HUNDEZONEOGD.2098043,2098043,POINT (16.462601217392194 48.15678321523716),Hofgartel,ca. 14612 m²,Hundeverbot,01 4000 8042,keine Angabe,,keine,
HUNDEZONEOGD.2098044,2098044,POINT (16.38468838151448 48.166867847991554),Alfred-Böhm-Park,ca. 23273 m²,Hundeverbot,01 4000 8042,keine Angabe,,keine,
HUNDEZONEOGD.2098045,2098045,POINT (16.38529510408581 48.238007360763845),Allerheiligenpark,ca. 17281 m²,Hundeverbot,01 4000 8042,nein,,keine,
HUNDEZONEOGD.2098046,2098046,POINT (16.352558775368784 48.19417939967338),Helene-Heppe-Park,ca. 381 m²,Hundeverbot,01 4000 8042,keine Angabe,,keine,
HUNDEZONEOGD.2098047,2098047,POINT (16.36028871595236 48.21480850519219),Sigmund-Freud-Park,ca. 7135 m²,Hundeverbot,01 4000 8042,nein,,keine,
HUNDEZONEOGD.2098048,2098048,POINT (16.360042816463224 48.18657479196251),PA Zentaplatz,ca. 1421 m²,Hundeverbot,01 4000 8042,ja,,keine,
HUNDEZONEOGD.2098049,2098049,POINT (16.315487401991756 48.14008290284187),PaN-Park,ca. 11799 m²,Hundeverbot,01 4000 8042,keine Angabe,,keine,
HUNDEZONEOGD.2098050,2098050,POINT (16.333780865579758 48.18651252819204),Ignaz-Kuranda-Park,ca. 1750 m²,Hundeverbot,01 4000 8042,ja,,keine,
HUNDEZONEOGD.2098051,2098051,POINT (16.36855812070277 48.17093654059834),PA Paltramplatz,ca. 3096 m²,Hundeverbot,01 4000 8042,keine Angabe,,keine,
HUNDEZONEOGD.2098052,2098052,POINT (16.39886044708806 48.19111009659966),Waisenhauspark,ca. 3436 m²,Hundeverbot,01 4000 8042,nein,,keine,
HUNDEZONEOGD.2098053,2098053,POINT (16.275649765228213 48.18089251531694),PA Roter Berg,ca. 23755 m²,Hundeverbot,01 4000 8042,keine Angabe,,keine,
HUNDEZONEOGD.2098054,2098054,POINT (16.327082246355594 48.18985090283127),Ernestine-Diwisch-Park,ca. 1599 m²,Hundeverbot,01 4000 8042,ja,,keine,
HUNDEZONEOGD.2098055,2098055,POINT (16.307111128218168 48.20114056317445),Ordeltpark,ca. 3014 m²,Hundeverbot,01 4000 8042,keine Angabe,,keine,
HUNDEZONEOGD.2098056,2098056,POINT (16.39032686314041 48.142517199540656),PA Kurt-Tichy-Gasse,ca. 3540 m²,Hundeverbot,01 4000 8042,keine Angabe,,keine,
HUNDEZONEOGD.2098057,2098057,POINT (16.312835594871245 48.148296269977806),PA Alma-Seidler-Weg,ca. 9604 m²,Hundeverbot,01 4000 8042,keine Angabe,,keine,
HUNDEZONEOGD.2098058,2098058,POINT (16.326874508865338 48.18883460950846),Hans-Rott-Park,ca. 667 m²,Hundeverbot,01 4000 8042,nein,,keine,
HUNDEZONEOGD.2098059,2098059,POINT (16.35887801784797 48.22348563824251),Liechtensteinpark,ca. 54225 m²,Hundeverbot,01 4000 8042,teilweise,,keine,
HUNDEZONEOGD.2098060,2098060,POINT (16.42174789884557 48.22274812495246),Hundezone,ca. 7703 m²,Hundeverbot,,,,keine,
HUNDEZONEOGD.2098061,2098061,POINT (16.38653670932547 48.23422984738547),Mortarapark,ca. 11230 m²,Hundeverbot,01 4000 8042,teilweise,,keine,
HUNDEZONEOGD.2098062,2098062,POINT (16.28751253568408 48.18532775331112),Hügelpark,ca. 9966 m²,Hundeverbot,01 4000 8042,nein,,keine,
HUNDEZONEOGD.2098063,2098063,POINT (16.337031352254446 48.17788940106525),PA Canalettogasse,ca. 310 m²,Hundeverbot,01 4000 8042,ja,,keine,
HUNDEZONEOGD.2098064,2098064,POINT (16.35771880755766 48.1864461554771),PA Siebenbrunnengasse,ca. 1699 m²,Hundeverbot,01 4000 8042,ja,,keine,
HUNDEZONEOGD.2098065,2098065,POINT (16.427615909409415 48.22303526037509),Hundeverbot Schnitterweg (MA45),ca. 1764 m²,Hundeverbot,01 4000 96530,ja,,keine,
HUNDEZONEOGD.2098066,2098066,POINT (16.35230397008822 48.165654275140454),Eva-und-Otto-Benesch-Park,ca. 15838 m²,Hundeverbot,01 4000 8042,nein,,keine,
HUNDEZONEOGD.2098067,2098067,POINT (16.342194706044864 48.212236132146145),GA Bennoplatz,ca. 495 m²,Hundeverbot,,ja,,keine,
HUNDEZONEOGD.2098068,2098068,POINT (16.387450618605026 48.20606972034916),Josef-Pfeifer-Park,ca. 625 m²,Hundeverbot,01 4000 8042,nein,,keine,
HUNDEZONEOGD.2098069,2098069,POINT (16.389587578109534 48.14805725219052),PA Bergtaidingweg,ca. 3080 m²,Hundeverbot,01 4000 8042,keine Angabe,,keine,
HUNDEZONEOGD.2098070,2098070,POINT (16.410128547461497 48.17217015521867),Herderpark,ca. 30396 m²,Hundeverbot,01 4000 8042,keine Angabe,,keine,
HUNDEZONEOGD.2098071,2098071,POINT (16.436865697893737 48.23118505896232),Lagerwiese Rehlacke,ca. 26194 m²,Hundeverbot,01 4000 8042,keine Angabe,,keine,
HUNDEZONEOGD.2098072,2098072,POINT (16.378004724754092 48.166730238274354),Hebbelpark,ca. 3188 m²,Hundeverbot,01 4000 8042,nein,,keine,
HUNDEZONEOGD.2098073,2098073,POINT (16.354396312914645 48.1755940090989),Martin-Luther-King-Park,ca. 5590 m²,Hundeverbot,01 4000 8042,keine Angabe,,keine,
HUNDEZONEOGD.2098074,2098074,POINT (16.311115608138156 48.212243870433724),Huttengasse,ca. 763 m²,Hundeverbot,,keine Angabe,,keine,
HUNDEZONEOGD.2098075,2098075,POINT (16.38121759864121 48.24504976861543),PA Friedrich-Engels-Platz,ca. 3264 m²,Hundeverbot,01 4000 8042,ja,,keine,
HUNDEZONEOGD.2098076,2098076,POINT (16.354637713070627 48.19382375722537),Ernst-Arnold-Park,ca. 2740 m²,Hundeverbot,01 4000 8042,keine Angabe,,keine,
HUNDEZONEOGD.2098077,2098077,POINT (16.30600963098884 48.19807165809531),Ludwig-Zatzka-Park,ca. 5422 m²,Hundeverbot,01 4000 8042,nein,,keine,
HUNDEZONEOGD.2098078,2098078,POINT (16.38177972926974 48.2049122547903),Stadtpark - Kinderpark,ca. 31300 m²,Hundeverbot,01 4000 8042,nein,,keine,
HUNDEZONEOGD.2098079,2098079,POINT (16.25610300727199 48.20249605816451),Karl-Terkal-Park,ca. 989 m²,Hundeverbot,01 4000 8042,ja,,keine,
HUNDEZONEOGD.2098080,2098080,POINT (16.42167648318757 48.2544600739496),PA Carminweg,ca. 584 m²,Hundeverbot,01 4000 8042,keine Angabe,,keine,
HUNDEZONEOGD.2098081,2098081,POINT (16.37177139434706 48.23541192910528),Hugo-Gottschlich-Park,ca. 1309 m²,Hundeverbot,01 4000 8042,ja,,keine,
HUNDEZONEOGD.2098082,2098082,POINT (16.48403712950276 48.22141405950442),PA Pilotengasse,ca. 4443 m²,Hundeverbot,01 4000 8042,keine Angabe,,keine,
HUNDEZONEOGD.2098083,2098083,POINT (16.432487743526305 48.24847173506649),Kirschblütenpark,ca. 34045 m²,Hundeverbot,01 4000 8042,keine Angabe,,keine,
HUNDEZONEOGD.2098084,2098084,POINT (16.367765671009465 48.19309963095726),Ernst-Jandl-Park,ca. 529 m²,Hundeverbot,01 4000 8042,ja,,keine,
HUNDEZONEOGD.2098085,2098085,POINT (16.340611347249286 48.20759404807972),Josef-Strauß-Park,ca. 7893 m²,Hundeverbot,01 4000 8042,ja,,keine,
HUNDEZONEOGD.2098086,2098086,POINT (16.351244756319023 48.181066846114604),Hanna-Gärtner-Park,ca. 1696 m²,Hundeverbot,01 4000 8042,keine Angabe,,keine,
HUNDEZONEOGD.2098087,2098087,POINT (16.27673239418256 48.20593079712847),Elfriede-Stumpf-Park,ca. 3818 m²,Hundeverbot,01 4000 8042,nein,,keine,
HUNDEZONEOGD.2098088,2098088,POINT (16.296509580704488 48.181379966652095),Katharina-Schratt-Park,ca. 1757 m²,Hundeverbot,01 4000 8042,keine Angabe,,keine,
HUNDEZONEOGD.2098089,2098089,POINT (16.476930613320384 48.21406673598998),PA Asperner Wies'n,ca. 5692 m²,Hundeverbot,01 4000 8042,keine Angabe,,keine,
HUNDEZONEOGD.2098090,2098090,POINT (16.486561432876 48.24264287876564),Hundezone,ca. 7589 m²,Hundeverbot,,nein,,keine,
HUNDEZONEOGD.2098091,2098091,POINT (16.335259616275216 48.17863859705709),PA Vierthalergasse,ca. 2046 m²,Hundeverbot,01 4000 8042,ja,,keine,
HUNDEZONEOGD.2098092,2098092,POINT (16.353764528827618 48.22121596780625),Arne-Karlsson-Park,ca. 10480 m²,Hundeverbot,01 4000 8042,teilweise,,keine,
HUNDEZONEOGD.2098093,2098093,POINT (16.358253985955326 48.226804662946684),Lichtentalerpark,ca. 4020 m²,Hundeverbot,01 4000 8042,keine Angabe,,keine,
HUNDEZONEOGD.2098094,2098094,POINT (16.50146483553986 48.223576729227965),Hannah-Arendt-Park,ca. 7788 m²,Hundeverbot,01 4000 8042,nein,,keine,
HUNDEZONEOGD.2098095,2098095,POINT (16.304649312385383 48.19996906308901),Jutta-Steier-Park,ca. 5066 m²,Hundeverbot,01 4000 8042,nein,,keine,
HUNDEZONEOGD.2098096,2098096,POINT (16.431560248308394 48.21652304922643),Hundeverbot Pirat Bucht (MA 45),ca. 10495 m²,Hundeverbot,01 4000 96530,nein,,keine,
HUNDEZONEOGD.2098097,2098097,POINT (16.442607386010284 48.16122298274046),Schloss Neugebäude - Unterer Garten,ca. 12505 m²,Hundeverbot,01 4000 8042,ja,,keine,
HUNDEZONEOGD.2098098,2098098,POINT (16.314388611313465 48.22503595908191),PA Dr.-Josef-Resch-Platz,ca. 1040 m²,Hundeverbot,01 4000 8042,ja,,keine,
HUNDEZONEOGD.2098099,2098099,POINT (16.43697611227314 48.249366467257694),Claudia-Heill-Park,ca. 7928 m²,Hundeverbot,01 4000 8042,keine Angabe,,keine,
HUNDEZONEOGD.2098100,2098100,POINT (16.42704799302868 48.170376609556165),PA Seeschlachtweg,ca. 3253 m²,Hundeverbot,01 4000 8042,keine Angabe,,keine,
HUNDEZONEOGD.2098101,2098101,POINT (16.298478108351286 48.229467463722976),PA Rupertusplatz,ca. 1750 m²,Hundeverbot,01 4000 8042,nein,,keine,
HUNDEZONEOGD.2098102,2098102,POINT (16.33274474234714 48.18926733053762),Herklotzpark,ca. 879 m²,Hundeverbot,01 4000 8042,keine Angabe,,keine,
HUNDEZONEOGD.2098103,2098103,POINT (16.352504349560757 48.21590242893716),PA Altes AKH,ca. 26002 m²,Hundeverbot,01 4000 8042,nein,,keine,
HUNDEZONEOGD.2098104,2098104,POINT (16.36131563171881 48.19887861477475),Alfred-Grünwald-Park,ca. 8110 m²,Hundeverbot,01 4000 8042,keine Angabe,,keine,
HUNDEZONEOGD.2098105,2098105,POINT (16.414540947930696 48.17074601438099),Braunhuberpark,ca. 4437 m²,Hundeverbot,01 4000 8042,keine Angabe,,keine,
HUNDEZONEOGD.2098106,2098106,POINT (16.359786428450565 48.24207267012639),Wertheimsteinpark,ca. 6711 m²,Hundeverbot,01 4000 8042,ja,,keine,
HUNDEZONEOGD.2098107,2098107,POINT (16.3492647009669 48.24542389157354),Saarpark,ca. 5520 m²,Hundeverbot,01 4000 8042,nein,,keine,
HUNDEZONEOGD.2098108,2098108,POINT (16.386154301009498 48.172410332351184),Puchsbaumpark,ca. 5070 m²,Hundeverbot,01 4000 8042,keine Angabe,,keine,
HUNDEZONEOGD.2098109,2098109,POINT (16.36074247618282 48.20452706122766),Hundeverbot Maria-Theresien-Platz (Bundesgärten),ca. 66112 m²,Hundeverbot,,keine Angabe,,keine,
HUNDEZONEOGD.2098110,2098110,POINT (16.400145266753185 48.22017047677542),Max-Winter-Park,ca. 10040 m²,Hundeverbot,01 4000 8042,ja,,keine,
HUNDEZONEOGD.2098111,2098111,POINT (16.26745524752137 48.19640503097012),PA Cossmanngasse,ca. 2283 m²,Hundeverbot,01 4000 8042,nein,,keine,
HUNDEZONEOGD.2098112,2098112,POINT (16.328902889286784 48.20244386135029),PA Kriemhildplatz,ca. 1085 m²,Hundeverbot,01 4000 8042,keine Angabe,,keine,
HUNDEZONEOGD.2098113,2098113,POINT (16.32581484627591 48.18708847764614),PA Dreihausgasse,ca. 1231 m²,Hundeverbot,01 4000 8042,ja,,keine,
HUNDEZONEOGD.2098114,2098114,POINT (16.251510480824706 48.14587530406907),Anton-Krieger-Gasse (MA49),ca. 13726 m²,Hundeverbot,01 4000 49000,keine Angabe,,keine,
HUNDEZONEOGD.2098115,2098115,POINT (16.31460043734607 48.22350218167498),Park der Freiheit,ca. 1189 m²,Hundeverbot,01 4000 8042,nein,,keine,
HUNDEZONEOGD.2098116,2098116,POINT (16.466064444154366 48.15171833871628),PA Csokorgasse,ca. 6134 m²,Hundeverbot,01 4000 8042,,,keine,
HUNDEZONEOGD.2098117,2098117,POINT (16.350853598848484 48.1829170220262),Ernst-Lichtblau-Park,ca. 2193 m²,Hundeverbot,01 4000 8042,keine Angabe,,keine,
HUNDEZONEOGD.2098118,2098118,POINT (16.50554787767119 48.22691253953395),Seepark,ca. 26990 m²,Hundeverbot,01 4000 8042,nein,,keine,
HUNDEZONEOGD.2098119,2098119,POINT (16.46148836668644 48.15343223907299),PA Am Leberberg,ca. 25885 m²,Hundeverbot,01 4000 8042,,,keine,
HUNDEZONEOGD.2098120,2098120,POINT (16.227663780446704 48.21681302564082),PA Schöffelplatz,ca. 3760 m²,Hundeverbot,01 4000 8042,nein,,keine,
HUNDEZONEOGD.2098121,2098121,POINT (16.348877931715695 48.21675088466636),Viktor-Frankl-Park,ca. 3000 m²,Hundeverbot,01 4000 8042,nein,,keine,
HUNDEZONEOGD.2098122,2098122,POINT (16.3673659690242 48.21441226730446),Hermann-Gmeiner-Park,ca. 3597 m²,Hundeverbot,01 4000 8042,ja,,keine,
HUNDEZONEOGD.2098123,2098123,POINT (16.32404124715314 48.22515956254714),Christine-Nöstlinger-Park,ca. 14787 m²,Hundeverbot,01 4000 8042,nein,,keine,
HUNDEZONEOGD.2098124,2098124,POINT (16.32744662594912 48.20978120105323),Richard-Wagner-Park,ca. 3708 m²,Hundeverbot,01 4000 8042,nein,,keine,
HUNDEZONEOGD.2098125,2098125,POINT (16.276373011365898 48.211428536788475),Am Steinhof (MA49),ca. 440056 m²,Hundeverbot,01 4000 49000,nein,,keine,
HUNDEZONEOGD.2098126,2098126,POINT (16.396882426470036 48.243134901359305),Familienbadestrand (MA 45),ca. 23731 m²,Hundeverbot,01 4000 96530,nein,,keine,
HUNDEZONEOGD.2098127,2098127,POINT (16.273576499186756 48.15618393699275),Druk-Yul-Park,ca. 868 m²,Hundeverbot,01 4000 8042,keine Angabe,,keine,
HUNDEZONEOGD.2098128,2098128,POINT (16.346781280179655 48.21234219658396),GA Schlesingerplatz,ca. 287 m²,Hundeverbot,,nein,,keine,
HUNDEZONEOGD.2098129,2098129,POINT (16.433662483161676 48.232262847970446),An der unteren Alten Donau (MA45),ca. 828 m²,Hundeverbot,01 4000 96530,nein,,keine,
HUNDEZONEOGD.2098130,2098130,POINT (16.40144088432661 48.19731601134671),Kardinal-Nagl-Park,ca. 7141 m²,Hundeverbot,01 4000 8042,teilweise,,keine,
HUNDEZONEOGD.2098131,2098131,POINT (16.377931028959768 48.21394119273985),Manes-Sperber-Park,ca. 319 m²,Hundeverbot,01 4000 8042,nein,,keine,
HUNDEZONEOGD.2098132,2098132,POINT (16.441722051763552 48.24115462731747),PA Dolfi-Gruber-Weg,ca. 516 m²,Hundeverbot,01 4000 8042,keine Angabe,,keine,
HUNDEZONEOGD.2098133,2098133,POINT (16.33259632597951 48.20359742926073),Vogelweidpark,ca. 15386 m²,Hundeverbot,01 4000 8042,ja,,keine,
HUNDEZONEOGD.2098134,2098134,POINT (16.356576155946883 48.245464136723164),Setagayapark,ca. 4187 m²,Hundeverbot,01 4000 8042,ja,,keine,
HUNDEZONEOGD.2098135,2098135,POINT (16.301815334730847 48.169694404849395),Friederike-Stoiber-Park,ca. 1867 m²,Hundeverbot,01 4000 8042,ja,,keine,
HUNDEZONEOGD.2098136,2098136,POINT (16.383752330360164 48.26922519917199),PA Lorettowiese,ca. 24342 m²,Hundeverbot,01 4000 8042,keine Angabe,,keine,
HUNDEZONEOGD.2098137,2098137,POINT (16.352330654328252 48.19747767021606),Esterházypark,ca. 10782 m²,Hundeverbot,01 4000 8042,keine Angabe,,keine,
HUNDEZONEOGD.2098138,2098138,POINT (16.27004815994975 48.17292065240743),Hörndlwald (MA 49),ca. 7248 m²,Hundeverbot,01 4000 49000,keine Angabe,,keine,
HUNDEZONEOGD.2098139,2098139,POINT (16.355513187473093 48.18782729430794),Bacherpark,ca. 3354 m²,Hundeverbot,01 4000 8042,teilweise,,keine,
HUNDEZONEOGD.2098140,2098140,POINT (16.391572093601773 48.1982947307859),Arenbergpark,ca. 3638 m²,Hundeverbot,01 4000 8042,nein,,keine,
HUNDEZONEOGD.2098141,2098141,POINT (16.40188946345436 48.18261644387586),Friedhof St. Marx,ca. 57078 m²,Hundeverbot,01 4000 8042,nein,,keine,
HUNDEZONEOGD.2098142,2098142,POINT (16.356449938862934 48.19344461177224),Willi-Frank-Park,ca. 3379 m²,Hundeverbot,01 4000 8042,keine Angabe,,keine,
HUNDEZONEOGD.2098143,2098143,POINT (16.381793344103418 48.17267078940824),PA Kudlichgasse,ca. 836 m²,Hundeverbot,01 4000 8042,ja,,keine,
HUNDEZONEOGD.2098144,2098144,POINT (16.37572703001331 48.1783925472957),PA Keplerplatz,ca. 5351 m²,Hundeverbot,01 4000 8042,keine Angabe,,keine,
HUNDEZONEOGD.2098145,2098145,POINT (16.410544887831957 48.231240352442015),Copa Beach (MA45),ca. 760 m²,Hundeverbot,01 4000 96530,nein,,keine,
HUNDEZONEOGD.2098146,2098146,POINT (16.34634369958127 48.181737415419704),Haydnpark,ca. 12687 m²,Hundeverbot,01 4000 8042,ja,,keine,
HUNDEZONEOGD.2098147,2098147,POINT (16.38068201854561 48.20576243540697),Stadtpark,ca. 54810 m²,Hundeverbot,01 4000 8042,keine Angabe,,keine,
HUNDEZONEOGD.2098148,2098148,POINT (16.313180245359483 48.209406195034816),PA Hettenkofergasse,ca. 1687 m²,Hundeverbot,01 4000 8042,ja,,keine,
HUNDEZONEOGD.2098149,2098149,POINT (16.34999855783035 48.18592656271798),Einsiedlerpark,ca. 6141 m²,Hundeverbot,01 4000 8042,keine Angabe,,keine,
HUNDEZONEOGD.2098150,2098150,POINT (16.37955795543637 48.176532227518166),PA Wielandplatz,ca. 4044 m²,Hundeverbot,01 4000 8042,keine Angabe,,keine,
HUNDEZONEOGD.2098151,2098151,POINT (16.47983774447309 48.246311745584904),Teich Hirschstetten,ca. 47997 m²,Hundeverbot,01 4000 8042,keine Angabe,,keine,
HUNDEZONEOGD.2098152,2098152,POINT (16.472936237103188 48.238363447924876),Blumengärten Hirschstetten,ca. 240011 m²,Hundeverbot,01 4000 8042,ja,,keine,
HUNDEZONEOGD.2098153,2098153,POINT (16.338947365175994 48.178171172358965),Wilhelmsdorfer Park,ca. 13050 m²,Hundeverbot,01 4000 8042,teilweise,,keine,
HUNDEZONEOGD.2098154,2098154,POINT (16.363015509835215 48.18474220371731),Klieberpark,ca. 3142 m²,Hundeverbot,01 4000 8042,keine Angabe,,keine,
HUNDEZONEOGD.2098155,2098155,POINT (16.400737534217267 48.21179109071167),Prater - Zirkuswiese,ca. 26036 m²,Hundeverbot,01 4000 8042,keine Angabe,,keine,
HUNDEZONEOGD.2098156,2098156,POINT (16.443605145609837 48.26332388060052),Karl-Seidl-Park,ca. 5472 m²,Hundeverbot,01 4000 8042,nein,,keine,
HUNDEZONEOGD.2098157,2098157,POINT (16.408417395589932 48.206877482036056),Prater - Arenawiese,ca. 58544 m²,Hundeverbot,01 4000 8042,nein,,keine,
HUNDEZONEOGD.2098158,2098158,POINT (16.34824421436825 48.19517338258374),Schmalzhoftempelpark,ca. 1332 m²,Hundeverbot,01 4000 8042,ja,,keine,
HUNDEZONEOGD.2098159,2098159,POINT (16.393125230728273 48.20204908491047),Rochuspark,ca. 1357 m²,Hundeverbot,01 4000 8042,ja,,keine,
HUNDEZONEOGD.2098160,2098160,POINT (16.38970118000556 48.1996438934285),Haubenstock-Ramati-Park,ca. 1770 m²,Hundeverbot,01 4000 8042,nein,,keine,
HUNDEZONEOGD.2098161,2098161,POINT (16.368413379721375 48.17492383183371),Laubepark,ca. 5023 m²,Hundeverbot,01 4000 8042,nein,,keine,
HUNDEZONEOGD.2098162,2098162,POINT (16.376983967200573 48.20188875514372),PA Beethovenplatz,ca. 1650 m²,Hundeverbot,01 4000 8042,nein,,keine,
HUNDEZONEOGD.2098163,2098163,POINT (16.335456230714744 48.192167044260486),PA Moshe-Jahoda-Platz,ca. 533 m²,Hundeverbot,01 4000 8042,nein,,keine,
HUNDEZONEOGD.2098164,2098164,POINT (16.38485133086289 48.21768684036414),Odeonpark,ca. 2521 m²,Hundeverbot,01 4000 8042,nein,,keine,
